CoC Number,Year,County,CoC_Category_Largely Rural CoC,CoC_Category_Major City CoC,CoC_Category_Other Largely Urban CoC,Median_House_Values_5_year_lag1,Median_Rent_5_year_lag1,Median_Gross_Rent_5_year_lag1,Percentage_of_Households_with_Cost_Burden_5_year_lag1,Rental_Vacancy_Rates_5_year_lag1,Share_of_Single_Person_Households_5_year_lag1,Share_of_Renter_Occupied_Units_5_year_lag1,Unemployment Rate_lag1,Median Household Income_lag1,Poverty Rate_lag1,Labor Force_lag1,pct_change_total_homeless_per_10k,total_homeless_per_10k,total_homeless_per_10k_lag1
AL-501,2012,mobile county,0.0,0.0,1.0,124100.0,531.0,791.0,0.490373249,99.0,0.0,0.32,5.5,42372.0,19.4,321393.5,-0.2226660172734226,11.905940653836586,15.316377411000737
AL-501,2013,mobile county,0.0,0.0,1.0,125400.0,548.0,811.0,0.4932051257197138,98.0,0.0,0.33,9.4,39691.0,21.1,188890.0,0.2099311956901419,14.40536901111237,11.905940653836586
AL-501,2014,mobile county,0.0,0.0,1.0,124300.0,561.0,816.0,0.5029996720615753,109.0,0.0,0.33,8.7,42944.0,20.0,186932.0,-0.0340777148848252,13.914466953140986,14.40536901111237
AL-501,2015,mobile county,0.0,0.0,1.0,124500.0,576.0,826.0,0.4958484842592413,118.0,0.0,0.33,7.7,43642.0,19.3,185640.0,0.0793071025091134,15.01798301015341,13.914466953140986
AL-501,2016,mobile county,0.0,0.0,1.0,122400.0,598.0,816.0,0.4991469561845676,122.0,0.0,0.33,6.9,42699.0,17.7,186483.0,-0.025217143022327,14.639272384679494,15.01798301015341
AL-501,2017,mobile county,0.0,0.0,1.0,123500.0,606.0,818.0,0.4851509667587389,118.0,0.0,0.34,6.6,45744.0,19.4,186230.0,-0.0903239661620872,13.316995241168124,14.639272384679494
AL-501,2018,mobile county,0.0,0.0,1.0,124500.0,623.0,831.0,0.4791566008928744,118.0,0.29,0.34,5.3,46023.0,19.6,189017.0,-0.0822713067901693,12.221388640158755,13.316995241168124
AZ-501,2012,pima county,0.0,1.0,0.0,190500.0,654.0,906.0,0.4957560355781448,96.0,0.0,0.36,5.5,44112.0,20.4,321393.5,-0.0580482981717639,22.45738815959797,23.84133721082554
AZ-501,2013,pima county,0.0,1.0,0.0,177500.0,658.0,906.0,0.4971227667360264,100.0,0.0,0.36,7.4,44762.0,20.0,466804.0,-0.0340800720532311,21.69203875299149,22.45738815959797
AZ-501,2014,pima county,0.0,1.0,0.0,167500.0,675.0,896.0,0.5000348611827702,95.0,0.0,0.37,6.8,43824.0,19.5,462267.0,-0.1496839830083858,18.445087992871464,21.69203875299149
AZ-501,2015,pima county,0.0,1.0,0.0,161700.0,686.0,889.0,0.4938539162236294,89.0,0.0,0.38,6.0,45856.0,18.9,465898.0,-0.0583658001709322,17.368525672944266,18.445087992871464
AZ-501,2016,pima county,0.0,1.0,0.0,159900.0,686.0,874.0,0.489602125,85.0,0.0,0.39,5.5,47099.0,18.9,467826.0,-0.1139377851312529,15.389594326773691,17.368525672944266
AZ-501,2017,pima county,0.0,1.0,0.0,160800.0,698.0,874.0,0.4905844134622298,78.0,0.0,0.39,5.0,47560.0,18.4,471452.0,-0.1370098186592133,13.281068798823568,15.389594326773691
AZ-501,2018,pima county,0.0,1.0,0.0,166300.0,719.0,894.0,0.4910312275451075,75.0,0.31,0.38,4.6,51425.0,16.7,464230.0,-0.0135872213557257,13.10061597721333,13.281068798823568
AZ-502,2012,maricopa county,0.0,1.0,0.0,219300.0,792.0,1150.0,0.4825079219316541,112.0,0.0,0.35,5.5,50770.0,17.4,321393.5,-0.107134326922583,14.687939278876804,16.45033482836479
AZ-502,2013,maricopa county,0.0,1.0,0.0,193900.0,797.0,1127.0,0.4822003921529988,112.0,0.0,0.36,7.3,51432.0,17.5,1911529.0,-0.014199216445251,14.479382049921329,14.687939278876804
AZ-502,2014,maricopa county,0.0,1.0,0.0,176500.0,793.0,1089.0,0.4788745710152874,105.0,0.0,0.37,6.6,52045.0,17.7,1929092.0,-0.06693196406869,13.510248570819158,14.479382049921329
AZ-502,2015,maricopa county,0.0,1.0,0.0,175600.0,796.0,1063.0,0.4721826221976046,94.0,0.0,0.39,5.8,53896.0,17.1,1973683.0,-0.0053022198615095,13.43861426251303,13.510248570819158
AZ-502,2016,maricopa county,0.0,1.0,0.0,187100.0,806.0,1045.0,0.4640130044376586,87.0,0.0,0.39,5.1,56004.0,16.3,2033488.0,-0.0316264261747225,13.013598920649088,13.43861426251303
AZ-502,2017,maricopa county,0.0,1.0,0.0,204900.0,830.0,1053.0,0.45988263,78.0,0.0,0.4,4.7,58737.0,15.0,2088551.0,0.0971992692478167,14.278511226020354,13.013598920649088
AZ-502,2018,maricopa county,0.0,1.0,0.0,225000.0,862.0,1086.0,0.4531691843784261,72.0,0.27,0.39,4.3,62223.0,13.4,2088547.0,0.0327108241158506,14.745573095370906,14.278511226020354
CA-500,2012,santa clara county,0.0,1.0,0.0,681100.0,1381.0,1830.0,0.4403907085628948,32.0,0.0,0.41,5.5,84895.0,10.6,321393.5,0.067693560620424,40.98191178389735,38.38358991327366
CA-500,2013,santa clara county,0.0,1.0,0.0,656600.0,1427.0,1858.0,0.4480088539299195,31.0,0.0,0.42,8.0,91425.0,10.8,955979.0,-0.0254304437868331,39.93972358,40.98191178389735
CA-500,2014,santa clara county,0.0,1.0,0.0,645600.0,1473.0,1868.0,0.4553801011543956,31.0,0.0,0.43,6.6,92014.0,10.5,968154.0,-0.1441940050730883,34.18065487548773,39.93972358
CA-500,2015,santa clara county,0.0,1.0,0.0,664100.0,1541.0,1902.0,0.462528013,29.0,0.0,0.43,5.2,97532.0,8.4,987613.0,-0.0055850836585331,33.98975305850468,34.18065487548773
CA-500,2016,santa clara county,0.0,1.0,0.0,698600.0,1616.0,1938.0,0.461837418,27.0,0.0,0.43,4.2,102340.0,8.2,1012215.0,0.1223889415207946,38.14972295788826,33.98975305850468
CA-500,2017,santa clara county,0.0,1.0,0.0,752400.0,1727.0,2026.0,0.4622508482542853,28.0,0.0,0.43,3.8,111069.0,9.4,1027918.0,-0.0186390758531064,37.438647377901184,38.14972295788826
CA-500,2018,santa clara county,0.0,1.0,0.0,829600.0,1859.0,2152.0,0.4581257571238682,33.0,0.21,0.43,3.2,119035.0,7.4,1037356.0,0.3447651538306402,50.34618840035438,37.438647377901184
CA-502,2012,alameda county,0.0,1.0,0.0,558300.0,1153.0,1555.0,0.4932112771990005,50.0,0.0,0.45,5.5,67558.0,13.1,321393.5,-0.013689669153418,27.006297458152588,27.38113615313368
CA-502,2013,alameda county,0.0,1.0,0.0,514900.0,1189.0,1565.0,0.4966742976734116,44.0,0.0,0.46,8.8,70500.0,13.1,796456.0,-0.0180441672527527,26.51899130994009,27.006297458152588
CA-502,2014,alameda county,0.0,1.0,0.0,493800.0,1200.0,1566.0,0.4994218203056708,43.0,0.0,0.47,7.3,72399.0,12.9,799847.0,-0.0700631319959661,24.66098772139188,26.51899130994009
CA-502,2015,alameda county,0.0,1.0,0.0,509300.0,1233.0,1590.0,0.5024741530783693,39.0,0.0,0.47,5.9,77214.0,12.5,806326.0,0.0200815013191113,25.1562173788496,24.66098772139188
CA-502,2016,alameda county,0.0,1.0,0.0,543100.0,1272.0,1614.0,0.5000359490356198,32.0,0.0,0.47,4.8,81717.0,11.4,819008.0,0.3453771417841067,33.844599835256346,25.1562173788496
CA-502,2017,alameda county,0.0,1.0,0.0,593500.0,1344.0,1673.0,0.4962657709996675,28.0,0.0,0.47,4.3,89979.0,10.7,831827.0,-0.0257148232750501,32.97429193167794,33.844599835256346
CA-502,2018,alameda county,0.0,1.0,0.0,649100.0,1447.0,1779.0,0.4889810510727254,26.0,0.24,0.47,3.7,96296.0,9.2,838175.0,0.4556106692553099,47.99773114688969,32.97429193167794
CA-503,2012,sacramento county,0.0,1.0,0.0,285000.0,886.0,1264.0,0.5396479209738235,69.0,0.0,0.41,5.5,52314.0,17.7,321393.5,-0.104853210934227,17.358225767732165,19.39148526226432
CA-503,2013,sacramento county,0.0,1.0,0.0,249800.0,895.0,1253.0,0.5446467193726818,67.0,0.0,0.42,10.7,52667.0,19.6,679873.0,-0.048020426953775,16.524676355205646,17.358225767732165
CA-503,2014,sacramento county,0.0,1.0,0.0,234200.0,899.0,1232.0,0.548709706,64.0,0.0,0.43,9.0,52936.0,19.0,677831.0,0.0717852248017569,17.71090396214036,16.524676355205646
CA-503,2015,sacramento county,0.0,1.0,0.0,236500.0,906.0,1217.0,0.5412078075193223,60.0,0.0,0.44,7.4,55842.0,18.2,677696.0,-0.067945144199164,16.507534038535187,17.71090396214036
CA-503,2016,sacramento county,0.0,1.0,0.0,248400.0,911.0,1206.0,0.5292501824112623,56.0,0.0,0.45,6.0,58942.0,16.9,684577.0,0.4505269842514283,23.944623566344248,16.507534038535187
CA-503,2017,sacramento county,0.0,1.0,0.0,271300.0,936.0,1215.0,0.5245959241040056,51.0,0.0,0.45,5.4,59780.0,16.4,693979.0,-0.018647760415146,23.4981099628482,23.944623566344248
CA-503,2018,sacramento county,0.0,1.0,0.0,299900.0,981.0,1251.0,0.521885849,43.0,0.26,0.45,4.7,63045.0,14.1,696466.0,0.5247969569323379,35.82984656501239,23.4981099628482
CA-504,2012,sonoma county,0.0,0.0,1.0,477300.0,1133.0,1490.0,0.5216955705758675,51.0,0.0,0.38,5.5,61020.0,12.2,321393.5,-0.051446064102456,86.46027978384929,91.14956621
CA-504,2013,sonoma county,0.0,0.0,1.0,430900.0,1149.0,1487.0,0.5329944262386914,51.0,0.0,0.39,9.0,59941.0,12.1,245671.0,-0.0137644428737727,85.27020220191409,86.46027978384929
CA-504,2014,sonoma county,0.0,0.0,1.0,407400.0,1161.0,1478.0,0.5352713911328452,48.0,0.0,0.4,7.2,61029.0,12.4,249019.0,-0.2767075946325292,61.67528965679304,85.27020220191409
CA-504,2015,sonoma county,0.0,0.0,1.0,414500.0,1193.0,1486.0,0.5455400180094284,43.0,0.0,0.4,5.7,67771.0,11.3,255563.0,-0.0633960334691263,57.76532092949292,61.67528965679304
CA-504,2016,sonoma county,0.0,0.0,1.0,436400.0,1209.0,1475.0,0.5385736035279295,37.0,0.0,0.41,4.5,66674.0,11.1,257659.0,-0.0266514447023045,56.22579167302967,57.76532092949292
CA-504,2017,sonoma county,0.0,0.0,1.0,464700.0,1261.0,1504.0,0.5338079691617826,33.0,0.0,0.4,4.0,73929.0,9.2,259214.0,0.0658267272583865,59.92695152637705,56.22579167302967
CA-504,2018,sonoma county,0.0,0.0,1.0,513300.0,1327.0,1577.0,0.5308283631544068,29.0,0.28,0.4,3.4,80409.0,9.2,259768.0,-0.0038498959232976,59.696239,59.92695152637705
CA-505,2012,contra costa county,0.0,0.0,0.0,490200.0,1210.0,1804.0,0.5276744620505766,59.0,0.0,0.32,5.5,74353.0,12.0,321393.5,-0.1729675875743369,18.27811059170813,22.100839479917045
CA-505,2013,contra costa county,0.0,0.0,0.0,433800.0,1234.0,1780.0,0.5304203584577416,54.0,0.0,0.33,9.1,74177.0,11.2,534520.0,-0.0109868163539655,18.07729234733956,18.27811059170813
CA-505,2014,contra costa county,0.0,0.0,0.0,404000.0,1250.0,1741.0,0.527302128,52.0,0.0,0.34,7.6,79100.0,10.8,536032.0,-0.0028720214766655,18.02537397547804,18.07729234733956
CA-505,2015,contra costa county,0.0,0.0,0.0,417400.0,1289.0,1719.0,0.5293091783808164,46.0,0.0,0.35,6.2,80361.0,10.5,538458.0,-0.1544926926118061,15.240585414671662,18.02537397547804
CA-505,2016,contra costa county,0.0,0.0,0.0,439900.0,1315.0,1700.0,0.5229816587977467,35.0,0.0,0.35,5.1,83104.0,10.3,544617.0,-0.0810653649315354,14.005101796261066,15.240585414671662
CA-505,2017,contra costa county,0.0,0.0,0.0,472900.0,1393.0,1736.0,0.5126231952576644,30.0,0.0,0.35,4.5,91045.0,8.6,553221.0,0.3868128974918705,19.42245580174141,14.005101796261066
CA-505,2018,contra costa county,0.0,0.0,0.0,522300.0,1480.0,1811.0,0.5066519836899908,28.0,0.22,0.34,3.9,95339.0,9.3,557869.0,0.0243565770878233,19.895520343711368,19.42245580174141
CA-507,2012,marin county,0.0,0.0,0.0,840900.0,1475.0,1968.0,0.530200284,30.0,0.0,0.37,5.5,77168.0,9.5,321393.5,-0.0758722443589229,26.164534669943684,28.31268134760553
CA-507,2013,marin county,0.0,0.0,0.0,810700.0,1491.0,1965.0,0.5302613836738927,32.0,0.0,0.37,6.4,90535.0,7.9,136522.0,-0.0047494142408958,26.04026845637584,26.164534669943684
CA-507,2014,marin county,0.0,0.0,0.0,781900.0,1520.0,1985.0,0.5318665831506421,34.0,0.0,0.37,5.2,96580.0,8.4,137807.0,0.9375899152737792,50.45536155209573,26.04026845637584
CA-507,2015,marin county,0.0,0.0,0.0,785100.0,1561.0,2005.0,0.5349730178497302,30.0,0.0,0.37,4.3,95749.0,8.8,138458.0,-0.0434362405851684,48.26377032890724,50.45536155209573
CA-507,2016,marin county,0.0,0.0,0.0,815100.0,1587.0,2000.0,0.5151126062504815,27.0,0.0,0.38,3.6,100662.0,7.1,138677.0,-0.1131170518072925,42.80431492019697,48.26377032890724
CA-507,2017,marin county,0.0,0.0,0.0,859400.0,1686.0,2106.0,0.4980366492146597,26.0,0.0,0.37,3.3,103845.0,7.8,139632.0,-0.0148293144100318,42.16955627613935,42.80431492019697
CA-507,2018,marin county,0.0,0.0,0.0,908800.0,1781.0,2230.0,0.4981091877496671,23.0,0.31,0.36,2.9,113908.0,8.2,139632.0,-0.0526431342761011,39.94961866273095,42.16955627613935
CA-510,2012,stanislaus county,0.0,0.0,0.0,232000.0,811.0,1171.0,0.5517022887786484,62.0,0.0,0.39,5.5,44076.0,23.8,321393.5,-0.1888468286679264,22.85481578181168,28.17570908867873
CA-510,2013,stanislaus county,0.0,0.0,0.0,192200.0,824.0,1165.0,0.5534631907255929,58.0,0.0,0.41,15.1,46405.0,20.3,241659.0,-0.0492399479311292,21.72944584273972,22.85481578181168
CA-510,2014,stanislaus county,0.0,0.0,0.0,172900.0,825.0,1137.0,0.5506518410395111,63.0,0.0,0.42,13.1,47962.0,22.1,240268.0,0.2035347451277913,26.152143064109897,21.72944584273972
CA-510,2015,stanislaus county,0.0,0.0,0.0,175400.0,826.0,1126.0,0.5483525947327481,53.0,0.0,0.43,11.3,51084.0,18.0,240222.0,0.0125005980198618,26.479060491912254,26.152143064109897
CA-510,2016,stanislaus county,0.0,0.0,0.0,190800.0,825.0,1103.0,0.5437044318833456,47.0,0.0,0.43,9.6,52363.0,19.7,240986.0,0.1448973572771839,30.315806380373026,26.479060491912254
CA-510,2017,stanislaus county,0.0,0.0,0.0,216000.0,838.0,1113.0,0.5374831035414978,41.0,0.0,0.43,8.6,54305.0,14.2,242737.0,-0.186469235618266,24.662841137473517,30.315806380373026
CA-510,2018,stanislaus county,0.0,0.0,0.0,244100.0,864.0,1140.0,0.5256344004134142,37.0,0.2,0.43,7.5,59514.0,13.5,241971.0,0.4159654231495013,34.921730287291616,24.662841137473517
CA-511,2012,san joaquin county,0.0,0.0,0.0,264600.0,846.0,1285.0,0.5467712806037628,57.0,0.0,0.39,5.5,50853.0,18.1,321393.5,-0.0203095865599493,21.87742678302448,22.33095933459719
CA-511,2013,san joaquin county,0.0,0.0,0.0,225400.0,862.0,1264.0,0.5522984295590861,56.0,0.0,0.41,14.6,50722.0,18.4,311393.0,0.0143451285485072,22.19126128253752,21.87742678302448
CA-511,2014,san joaquin county,0.0,0.0,0.0,208000.0,872.0,1234.0,0.5488579597921742,63.0,0.0,0.42,12.5,51432.0,19.9,312140.0,0.0599999725251929,23.52273634978915,22.19126128253752
CA-511,2015,san joaquin county,0.0,0.0,0.0,211300.0,868.0,1211.0,0.5454729679284122,59.0,0.0,0.43,10.7,51659.0,20.9,311543.0,0.0313553245779314,24.260299382997893,23.52273634978915
CA-511,2016,san joaquin county,0.0,0.0,0.0,223000.0,864.0,1190.0,0.5421009411913335,54.0,0.0,0.43,8.9,53705.0,17.4,314401.0,-0.1473224152226704,20.686213483869583,24.260299382997893
CA-511,2017,san joaquin county,0.0,0.0,0.0,246900.0,877.0,1200.0,0.5340891743081918,46.0,0.0,0.44,8.2,59518.0,14.4,318316.0,0.0822312412220103,22.387266494831664,20.686213483869583
CA-511,2018,san joaquin county,0.0,0.0,0.0,281100.0,902.0,1236.0,0.5280093667359751,45.0,0.2,0.44,7.0,61164.0,15.5,322951.0,0.5419861207825722,34.52085421729113,22.387266494831664
CA-512,2012,san mateo county,0.0,0.0,0.0,763100.0,1433.0,1874.0,0.4639868616563697,38.0,0.0,0.4,5.5,81657.0,7.7,321393.5,0.0696366946168158,26.69349842715752,24.95566818294331
CA-512,2013,san mateo county,0.0,0.0,0.0,734100.0,1452.0,1891.0,0.4774136318494306,34.0,0.0,0.4,6.5,81609.0,8.4,410898.0,-0.0004533877441179,26.681395922123016,26.69349842715752
CA-512,2014,san mateo county,0.0,0.0,0.0,722200.0,1509.0,1917.0,0.4853043785783241,31.0,0.0,0.41,5.3,91322.0,7.8,416399.0,-0.2735687224432815,19.38220052670444,26.681395922123016
CA-512,2015,san mateo county,0.0,0.0,0.0,736800.0,1574.0,1950.0,0.4839456724974136,28.0,0.0,0.41,4.3,101051.0,7.3,425863.0,-0.08186008743755,17.795571896856288,19.38220052670444
CA-512,2016,san mateo county,0.0,0.0,0.0,776300.0,1647.0,1990.0,0.4896837866571329,25.0,0.0,0.41,3.4,101272.0,8.5,434234.0,-0.0872457641974934,16.242983627383623,17.795571896856288
CA-512,2017,san mateo county,0.0,0.0,0.0,845300.0,1744.0,2079.0,0.4817561359758499,26.0,0.0,0.41,3.1,108627.0,6.5,441792.0,-0.0095767714483205,16.087428285545357,16.242983627383623
CA-512,2018,san mateo county,0.0,0.0,0.0,917700.0,1879.0,2219.0,0.4766215036623781,30.0,0.23,0.4,2.7,116653.0,6.2,444909.0,0.2260597876051107,19.72414890688819,16.087428285545357
CA-514,2012,fresno county,0.0,1.0,0.0,236400.0,725.0,1013.0,0.5319377682904978,57.0,0.0,0.45,5.5,42807.0,25.8,321393.5,-0.3083657299656283,32.776005158740126,47.38921505019015
CA-514,2013,fresno county,0.0,1.0,0.0,212100.0,731.0,1014.0,0.5433736130862301,62.0,0.0,0.46,15.4,41627.0,28.4,439492.0,-0.181321206764307,26.83302035044421,32.776005158740126
CA-514,2014,fresno county,0.0,1.0,0.0,195400.0,748.0,1006.0,0.5454151829372988,64.0,0.0,0.46,13.4,43925.0,28.8,436620.0,-0.3417044935219064,17.664056721932663,26.83302035044421
CA-514,2015,fresno county,0.0,1.0,0.0,191700.0,753.0,1003.0,0.5505205635364759,62.0,0.0,0.47,11.7,43423.0,27.7,437617.0,0.087856131042393,19.215952404035043,17.664056721932663
CA-514,2016,fresno county,0.0,1.0,0.0,194600.0,752.0,992.0,0.5503357624561077,52.0,0.0,0.47,10.3,46949.0,25.3,440308.0,0.0605236537976014,20.37897205472805,19.215952404035043
CA-514,2017,fresno county,0.0,1.0,0.0,204900.0,765.0,996.0,0.5546477863164334,46.0,0.0,0.47,9.5,48715.0,25.6,444737.0,0.0579895829342735,21.560740144810943,20.37897205472805
CA-514,2018,fresno county,0.0,1.0,0.0,220600.0,780.0,1029.0,0.5410405928516531,39.0,0.21,0.47,8.6,51800.0,21.1,444452.0,0.1642720537106139,25.10256720791992,21.560740144810943
CA-600,2012,los angeles county,0.0,1.0,0.0,478300.0,1066.0,1390.0,0.5506627896726791,43.0,0.0,0.52,5.5,52280.0,18.3,321393.5,0.1197511433474634,35.46347094778632,31.670850401428755
CA-600,2013,los angeles county,0.0,1.0,0.0,443300.0,1098.0,1407.0,0.5586250427683196,45.0,0.0,0.53,11.0,53001.0,19.1,4904883.0,-0.0413728297561679,33.99624680170075,35.46347094778632
CA-600,2014,los angeles county,0.0,1.0,0.0,420200.0,1110.0,1408.0,0.5640724427719008,44.0,0.0,0.53,9.8,54529.0,18.9,4955806.0,0.1908543971507372,40.48457999042702,33.99624680170075
CA-600,2015,los angeles county,0.0,1.0,0.0,425100.0,1129.0,1412.0,0.5696558364912717,41.0,0.0,0.54,8.2,55746.0,18.7,4982412.0,0.0684911481444237,43.25741535611613,40.48457999042702
CA-600,2016,los angeles county,0.0,1.0,0.0,441900.0,1139.0,1409.0,0.5686244817631679,37.0,0.0,0.54,6.7,59134.0,16.6,4973756.0,0.1928204850385015,51.59833116659436,43.25741535611613
CA-600,2017,los angeles county,0.0,1.0,0.0,465000.0,1167.0,1433.0,0.5648990135608036,33.0,0.0,0.54,5.3,61338.0,16.3,5018920.0,-0.0419576050087898,49.43338876839366,51.59833116659436
CA-600,2018,los angeles county,0.0,1.0,0.0,495800.0,1210.0,1482.0,0.561129079,32.0,0.26,0.54,4.8,65006.0,14.9,5109810.0,0.1336033026528953,56.03785276917559,49.43338876839366
CA-601,2012,san diego county,0.0,1.0,0.0,455000.0,1187.0,1540.0,0.5442060175950616,50.0,0.0,0.45,5.5,59477.0,15.1,321393.5,-0.1226936377629194,27.649651911466304,31.516529574641734
CA-601,2013,san diego county,0.0,1.0,0.0,419400.0,1210.0,1547.0,0.5484554771591904,50.0,0.0,0.45,9.3,60330.0,15.0,1536925.0,-0.0573265501225189,26.06459275529343,27.649651911466304
CA-601,2014,san diego county,0.0,1.0,0.0,402100.0,1219.0,1539.0,0.5501386814593556,47.0,0.0,0.46,7.9,61426.0,15.2,1537644.0,0.0165036950112169,26.49475484471837,26.06459275529343
CA-601,2015,san diego county,0.0,1.0,0.0,412800.0,1241.0,1542.0,0.544189838,45.0,0.0,0.47,6.5,66192.0,14.7,1537512.0,-0.0137987000561956,26.129161669553664,26.49475484471837
CA-601,2016,san diego county,0.0,1.0,0.0,429600.0,1255.0,1534.0,0.5407879971577121,41.0,0.0,0.47,5.2,67320.0,13.8,1548794.0,0.0503272925862954,27.444171633931905,26.129161669553664
CA-601,2017,san diego county,0.0,1.0,0.0,454600.0,1307.0,1578.0,0.5405882725175601,38.0,0.0,0.47,4.7,70824.0,12.3,1563246.0,-0.0653457528269687,25.650811577800084,27.444171633931905
CA-601,2018,san diego county,0.0,1.0,0.0,484900.0,1381.0,1645.0,0.5421043063940527,36.0,0.24,0.47,4.0,76207.0,11.8,1570791.0,-0.0538459273988589,24.26961983986005,25.650811577800084
CA-602,2012,orange county,0.0,0.0,0.0,575100.0,1381.0,1739.0,0.5356836515878689,49.0,0.0,0.4,5.5,72293.0,12.9,321393.5,-0.3982987866200227,13.649661262993428,22.685115069518066
CA-602,2013,orange county,0.0,0.0,0.0,537600.0,1398.0,1742.0,0.5432942320670081,47.0,0.0,0.41,8.0,71983.0,12.9,1558477.0,-0.1072596079549143,12.185603947207372,13.649661262993428
CA-602,2014,orange county,0.0,0.0,0.0,519600.0,1413.0,1736.0,0.5481882595523049,45.0,0.0,0.41,6.7,74163.0,13.5,1559480.0,0.1526024121595754,14.045156503172462,12.185603947207372
CA-602,2015,orange county,0.0,0.0,0.0,532300.0,1435.0,1735.0,0.5548135582706453,40.0,0.0,0.42,5.6,76306.0,12.8,1565446.0,-0.030716968666584,13.613731870947245,14.045156503172462
CA-602,2016,orange county,0.0,0.0,0.0,553600.0,1455.0,1735.0,0.5521322465718793,35.0,0.0,0.42,4.5,78428.0,12.7,1584296.0,0.1033021895043777,15.020060180541623,13.613731870947245
CA-602,2017,orange county,0.0,0.0,0.0,584200.0,1499.0,1762.0,0.5517903312468715,33.0,0.0,0.43,4.1,81837.0,11.0,1597447.0,0.03545344331555,15.552573032748604,15.020060180541623
CA-602,2018,orange county,0.0,0.0,0.0,620500.0,1592.0,1828.0,0.5498103912470642,32.0,0.21,0.43,3.5,86217.0,11.5,1605787.0,0.3889400191726075,21.601591086289226,15.552573032748604
CA-603,2012,santa barbara county,0.0,0.0,0.0,523800.0,1220.0,1486.0,0.5447023393058132,36.0,0.0,0.46,5.5,60505.0,15.1,321393.5,0.2049073703056292,43.19515626685518,35.84935849126607
CA-603,2013,santa barbara county,0.0,0.0,0.0,482400.0,1239.0,1491.0,0.5423500371026608,37.0,0.0,0.47,8.5,61890.0,16.3,215485.0,-0.0375483855073199,41.57324788729837,43.19515626685518
CA-603,2014,santa barbara county,0.0,0.0,0.0,453000.0,1242.0,1485.0,0.5466406517627084,33.0,0.0,0.47,7.3,62421.0,16.3,216531.0,-0.064924821727536,38.87411217958086,41.57324788729837
CA-603,2015,santa barbara county,0.0,0.0,0.0,446500.0,1267.0,1488.0,0.5461847389558233,36.0,0.0,0.48,6.2,63833.0,18.0,217331.0,0.0452903837692264,40.63473563888204,38.87411217958086
CA-603,2016,santa barbara county,0.0,0.0,0.0,465300.0,1278.0,1479.0,0.5482879207343727,32.0,0.0,0.48,5.3,63625.0,15.7,217158.0,0.0213911835498994,41.50396072743501,40.63473563888204
CA-603,2017,santa barbara county,0.0,0.0,0.0,480000.0,1333.0,1507.0,0.5542842984361108,30.0,0.0,0.48,5.1,67436.0,13.9,215256.0,-0.0794619193758008,38.20597634633516,41.50396072743501
CA-603,2018,santa barbara county,0.0,0.0,0.0,509400.0,1397.0,1569.0,0.5499876286259042,30.0,0.24,0.48,4.6,71106.0,14.5,214948.0,0.0569244234013228,40.38082952033487,38.20597634633516
CA-604,2012,kern county,0.0,1.0,0.0,196000.0,707.0,999.0,0.5143111093356769,63.0,0.0,0.4,5.5,45224.0,24.5,321393.5,-0.1557838825399785,13.331420027681212,15.79147774125804
CA-604,2013,kern county,0.0,1.0,0.0,171200.0,722.0,1009.0,0.5272070401174641,61.0,0.0,0.41,13.4,45910.0,23.8,391269.0,-0.1491926175863431,11.342470577608452,13.331420027681212
CA-604,2014,kern county,0.0,1.0,0.0,161700.0,738.0,1005.0,0.52114688,60.0,0.0,0.42,11.9,46879.0,22.8,392205.0,-0.0465773283445448,10.814168601276844,11.342470577608452
CA-604,2015,kern county,0.0,1.0,0.0,161800.0,746.0,999.0,0.5176761501046168,56.0,0.0,0.43,10.5,47644.0,24.8,391896.0,0.1151468431685049,12.05938597720584,10.814168601276844
CA-604,2016,kern county,0.0,1.0,0.0,167400.0,741.0,988.0,0.5105929380413058,56.0,0.0,0.43,10.3,51342.0,21.9,390138.0,-0.2479434557329455,9.069340144,12.05938597720584
CA-604,2017,kern county,0.0,1.0,0.0,175600.0,755.0,999.0,0.5101213858512935,56.0,0.0,0.43,10.4,49903.0,22.7,388109.0,0.0881516248487945,9.868817214,9.069340144
CA-604,2018,kern county,0.0,1.0,0.0,190600.0,774.0,1021.0,0.5075068985885444,53.0,0.2,0.43,9.3,49854.0,21.4,384073.0,0.4970853559799646,14.774461731922392,9.868817214
CA-608,2012,riverside county,0.0,0.0,0.0,284100.0,997.0,1451.0,0.5718588412180559,80.0,0.0,0.31,5.5,52883.0,16.8,321393.5,-0.5165383565800874,12.99014572256486,26.86903066533908
CA-608,2013,riverside county,0.0,0.0,0.0,248100.0,1019.0,1427.0,0.5788141342305714,76.0,0.0,0.32,11.8,52621.0,17.8,985244.0,-0.0266898407535176,12.643440801864616,12.99014572256486
CA-608,2014,riverside county,0.0,0.0,0.0,231000.0,1015.0,1384.0,0.5771287643918159,73.0,0.0,0.33,10.0,54095.0,17.3,993023.0,-0.2053998630163025,10.046479793106894,12.643440801864616
CA-608,2015,riverside county,0.0,0.0,0.0,236400.0,1027.0,1361.0,0.5795251274089575,71.0,0.0,0.34,8.3,57006.0,17.1,1009162.0,-0.0974801368999197,9.067147567512556,10.046479793106894
CA-608,2016,riverside county,0.0,0.0,0.0,253200.0,1027.0,1334.0,0.5698821177359779,64.0,0.0,0.35,6.7,58292.0,16.2,1033458.0,0.0950245353316989,9.92874905189938,9.067147567512556
CA-608,2017,riverside county,0.0,0.0,0.0,276300.0,1062.0,1347.0,0.5641766882516188,57.0,0.0,0.36,6.1,60134.0,15.3,1051610.0,-0.0482046209169273,9.450137467673269,9.92874905189938
CA-608,2018,riverside county,0.0,0.0,0.0,304500.0,1104.0,1387.0,0.563566539,56.0,0.21,0.35,5.3,63944.0,12.9,1070876.0,0.204009115452648,11.378051653359218,9.450137467673269
CA-609,2012,san bernardino county,0.0,0.0,0.0,278400.0,959.0,1329.0,0.5578950316996424,70.0,0.0,0.36,5.5,51247.0,19.3,321393.5,-0.0864313620520492,11.113925638691592,12.165397515895014
CA-609,2013,san bernardino county,0.0,0.0,0.0,241500.0,963.0,1307.0,0.5679488508103578,69.0,0.0,0.37,11.6,50770.0,20.4,890518.0,-0.0140331183644554,10.957962604710078,11.113925638691592
CA-609,2014,san bernardino county,0.0,0.0,0.0,222300.0,965.0,1272.0,0.5679022541357698,70.0,0.0,0.38,9.9,52323.0,19.1,893610.0,-0.0784734857674898,10.098053082208676,10.957962604710078
CA-609,2015,san bernardino county,0.0,0.0,0.0,225400.0,972.0,1255.0,0.5704165474045763,66.0,0.0,0.39,8.1,52041.0,20.6,903649.0,-0.1268255977289774,8.817361464158617,10.098053082208676
CA-609,2016,san bernardino county,0.0,0.0,0.0,236700.0,975.0,1233.0,0.5682273991065772,58.0,0.0,0.4,6.5,53803.0,19.0,919308.0,-0.0190620990081824,8.649284046937893,8.817361464158617
CA-609,2017,san bernardino county,0.0,0.0,0.0,256000.0,991.0,1245.0,0.5632573634476171,56.0,0.0,0.41,5.8,56337.0,17.7,930242.0,0.1276267323482007,9.753163907,8.649284046937893
CA-609,2018,san bernardino county,0.0,0.0,0.0,280200.0,1032.0,1278.0,0.5554061333868108,49.0,0.19,0.41,5.0,60420.0,16.2,942048.0,0.226089241228923,11.958249334314948,9.753163907
CA-611,2012,ventura county,0.0,0.0,1.0,515900.0,1339.0,1801.0,0.535137639,39.0,0.0,0.34,5.5,74623.0,11.3,321393.5,-0.1346081460527205,19.93759081489245,23.038801121078112
CA-611,2013,ventura county,0.0,0.0,1.0,465600.0,1356.0,1793.0,0.5499028746920748,38.0,0.0,0.35,9.2,71517.0,11.5,433668.0,-0.1535646376071546,16.875881906643755,19.93759081489245
CA-611,2014,ventura county,0.0,0.0,1.0,442200.0,1381.0,1780.0,0.5610757873175728,38.0,0.0,0.35,8.0,77363.0,11.9,432345.0,-0.0127874397687439,16.660082583218113,16.875881906643755
CA-611,2015,ventura county,0.0,0.0,1.0,444800.0,1401.0,1769.0,0.5589125136566098,37.0,0.0,0.36,6.7,75449.0,11.3,429179.0,-0.1021922282149477,14.95755162179401,16.660082583218113
CA-611,2016,ventura county,0.0,0.0,1.0,458100.0,1416.0,1752.0,0.5636052303860523,33.0,0.0,0.36,5.7,80032.0,9.6,427235.0,-0.0983858725606369,13.485939854113036,14.95755162179401
CA-611,2017,ventura county,0.0,0.0,1.0,481400.0,1468.0,1770.0,0.5611968190451041,34.0,0.0,0.37,5.2,80135.0,9.5,425346.0,0.1397610380308518,15.37074880694551,13.485939854113036
CA-611,2018,ventura county,0.0,0.0,1.0,520300.0,1540.0,1820.0,0.5530653731583608,35.0,0.21,0.37,4.5,82857.0,9.3,423676.0,0.2834763433224689,19.727992472866624,15.37074880694551
CA-614,2012,san luis obispo county,0.0,0.0,0.0,480200.0,1065.0,1358.0,0.5580577232751146,43.0,0.0,0.4,5.5,54195.0,15.3,321393.5,0.1005287024184655,85.26169951852641,77.47339922271874
CA-614,2013,san luis obispo county,0.0,0.0,0.0,449300.0,1101.0,1382.0,0.5468033186920449,41.0,0.0,0.4,8.4,60264.0,13.7,137013.0,-0.0056772586989466,84.77764679324788,85.26169951852641
CA-614,2014,san luis obispo county,0.0,0.0,0.0,426600.0,1104.0,1355.0,0.5462993459746859,38.0,0.0,0.42,6.9,58158.0,15.3,137727.0,-0.3649533360922692,53.83776177,84.77764679324788
CA-614,2015,san luis obispo county,0.0,0.0,0.0,426200.0,1124.0,1355.0,0.5396681328399544,34.0,0.0,0.42,5.6,63474.0,14.8,139919.0,-0.1017729886592779,48.35853185194088,53.83776177
CA-614,2016,san luis obispo county,0.0,0.0,0.0,445700.0,1137.0,1360.0,0.5384615384615384,27.0,0.0,0.42,4.8,62648.0,14.9,138913.0,-0.1791346817229203,39.69584164005575,48.35853185194088
CA-614,2017,san luis obispo county,0.0,0.0,0.0,471800.0,1151.0,1380.0,0.5177886863020102,26.0,0.0,0.41,4.3,70564.0,10.6,139484.0,-0.0287400678379869,38.55498045843456,39.69584164005575
CA-614,2018,san luis obispo county,0.0,0.0,0.0,499800.0,1213.0,1443.0,0.510216232,28.0,0.26,0.4,3.6,71880.0,12.1,140250.0,0.3586385087450332,52.38228115474143,38.55498045843456
FL-501,2012,hillsborough county,0.0,0.0,0.0,185900.0,791.0,1095.0,0.5322765579315485,114.0,0.0,0.38,5.5,46761.0,17.7,321393.5,-0.7454433491048378,14.780369439553786,58.06318313655453
FL-501,2013,hillsborough county,0.0,0.0,0.0,170000.0,801.0,1078.0,0.5355300136126114,103.0,0.0,0.39,8.1,46515.0,19.2,664074.0,-0.0007900508685786,14.768692195840153,14.780369439553786
FL-501,2014,hillsborough county,0.0,0.0,0.0,160000.0,812.0,1062.0,0.5275116633317588,94.0,0.0,0.4,6.9,49597.0,16.8,671504.0,-0.0308027162232591,14.313776361143027,14.768692195840153
FL-501,2015,hillsborough county,0.0,0.0,0.0,156700.0,820.0,1039.0,0.5217789391383071,86.0,0.0,0.41,6.0,50796.0,16.8,681695.0,-0.0776257831591911,13.202658261143783,14.313776361143027
FL-501,2016,hillsborough county,0.0,0.0,0.0,159200.0,831.0,1021.0,0.5158504011536574,77.0,0.0,0.42,5.1,51725.0,15.7,692032.0,-0.1670616956009243,10.996999785597552,13.202658261143783
FL-501,2017,hillsborough county,0.0,0.0,0.0,167400.0,858.0,1033.0,0.503450224,69.0,0.0,0.42,4.5,54588.0,15.1,709538.0,0.1359711935598686,12.492274972022871,10.996999785597552
FL-501,2018,hillsborough county,0.0,0.0,0.0,179500.0,890.0,1063.0,0.494917772,68.0,0.29,0.42,4.0,54731.0,15.6,718852.0,-0.1026868336548589,11.20948281,12.492274972022871
FL-502,2012,pinellas county,0.0,0.0,1.0,172900.0,772.0,993.0,0.5288560800956954,118.0,0.0,0.3,5.5,42852.0,14.7,321393.5,-0.0228036511320811,42.11838354961208,43.101249404386536
FL-502,2013,pinellas county,0.0,0.0,1.0,161600.0,787.0,988.0,0.5254169727853938,113.0,0.0,0.32,8.2,44927.0,13.7,463951.0,-0.1417617138837219,36.14760931160711,42.11838354961208
FL-502,2014,pinellas county,0.0,0.0,1.0,151500.0,793.0,972.0,0.5244178951570986,100.0,0.0,0.33,6.9,43703.0,15.0,468883.0,-0.0135135912876919,35.65912529334289,36.14760931160711
FL-502,2015,pinellas county,0.0,0.0,1.0,146500.0,795.0,964.0,0.5230338655020829,88.0,0.0,0.35,5.9,45152.0,15.1,470895.0,-0.1894051474015223,28.905103410947923,35.65912529334289
FL-502,2016,pinellas county,0.0,0.0,1.0,150200.0,800.0,946.0,0.5104403934981137,82.0,0.0,0.35,5.0,47618.0,13.5,472466.0,0.0090402716053386,29.16641339656329,28.905103410947923
FL-502,2017,pinellas county,0.0,0.0,1.0,157500.0,819.0,952.0,0.5031223240951526,70.0,0.0,0.35,4.4,50036.0,13.3,479772.0,-0.0817502320376304,26.78205233368879,29.16641339656329
FL-502,2018,pinellas county,0.0,0.0,1.0,167100.0,851.0,970.0,0.5019576191386476,75.0,0.37,0.35,3.9,51512.0,12.0,480350.0,-0.0751518188974768,24.769332387004663,26.78205233368879
FL-503,2012,polk county,0.0,0.0,0.0,133200.0,664.0,863.0,0.510429604,109.0,0.0,0.28,5.5,40272.0,19.4,321393.5,-0.4162522679352908,8.346588893579387,14.298280635810944
FL-503,2013,polk county,0.0,0.0,0.0,120200.0,665.0,863.0,0.5136360120658984,105.0,0.0,0.29,9.9,41325.0,17.9,275402.0,0.0118815887166672,8.44575963,8.346588893579387
FL-503,2014,polk county,0.0,0.0,0.0,111400.0,670.0,840.0,0.5025360301849446,104.0,0.0,0.29,8.6,42435.0,19.4,278126.0,-0.1549071217667169,7.137451314583167,8.44575963
FL-503,2015,polk county,0.0,0.0,0.0,107100.0,682.0,834.0,0.5003427106925736,94.0,0.0,0.3,7.4,42780.0,18.1,278128.0,0.3355470307176282,9.53240191008318,7.137451314583167
FL-503,2016,polk county,0.0,0.0,0.0,107300.0,687.0,822.0,0.4897675429067999,86.0,0.0,0.31,6.4,44061.0,17.2,281059.0,-0.2175838088150351,7.4583055953315665,9.53240191008318
FL-503,2017,polk county,0.0,0.0,0.0,110400.0,707.0,823.0,0.4758648713026664,78.0,0.0,0.32,5.6,46355.0,16.4,287843.0,0.0453461529090732,7.796511061300068,7.4583055953315665
FL-503,2018,polk county,0.0,0.0,0.0,121100.0,725.0,839.0,0.4710504721770212,73.0,0.26,0.32,4.9,48475.0,16.0,291121.0,-0.0036688871567248,7.767906542,7.796511061300068
FL-513,2012,brevard county,0.0,0.0,0.0,171200.0,762.0,997.0,0.5138806851742469,157.0,0.0,0.25,5.5,46429.0,14.0,321393.5,-0.2449090379991891,28.448340029374226,37.67538145866945
FL-513,2013,brevard county,0.0,0.0,0.0,157200.0,750.0,978.0,0.5127935943060499,146.0,0.0,0.25,9.7,46162.0,14.7,261046.0,-0.0676949321282468,26.52253158192445,28.448340029374226
FL-513,2014,brevard county,0.0,0.0,0.0,144900.0,756.0,940.0,0.5168178933465978,132.0,0.0,0.26,8.7,46472.0,15.0,258158.0,-0.2885175456095479,18.870315866555888,26.52253158192445
FL-513,2015,brevard county,0.0,0.0,0.0,138500.0,763.0,915.0,0.5056043920133328,120.0,0.0,0.28,7.2,47907.0,14.4,257569.0,-0.2432537509300492,14.280040750781346,18.870315866555888
FL-513,2016,brevard county,0.0,0.0,0.0,142200.0,772.0,892.0,0.4978063576033071,114.0,0.0,0.28,6.0,50416.0,13.2,257457.0,0.0043672301437451,14.342404975202069,14.280040750781346
FL-513,2017,brevard county,0.0,0.0,0.0,150500.0,789.0,894.0,0.4893369217936005,109.0,0.0,0.28,5.2,51184.0,15.0,263418.0,-0.142548413596251,12.297917898832036,14.342404975202069
FL-513,2018,brevard county,0.0,0.0,0.0,162400.0,819.0,910.0,0.4905432153067957,103.0,0.3,0.28,4.4,52540.0,12.3,266773.0,0.1009595740152824,13.539510451173037,12.297917898832036
FL-514,2012,marion county,0.0,0.0,0.0,142000.0,633.0,781.0,0.5328389099689548,138.0,0.0,0.22,5.5,36255.0,17.2,321393.5,-0.4220794242584346,15.71012740024069,27.18388660947408
FL-514,2013,marion county,0.0,0.0,0.0,130900.0,631.0,773.0,0.5497615057367539,119.0,0.0,0.23,10.5,37098.0,18.3,129686.0,0.7228576049056037,27.066312465540573,15.71012740024069
FL-514,2014,marion county,0.0,0.0,0.0,119400.0,625.0,748.0,0.532487505,107.0,0.0,0.23,8.9,38695.0,19.5,130783.0,-0.1529090648561942,22.92762793732921,27.066312465540573
FL-514,2015,marion county,0.0,0.0,0.0,111500.0,632.0,735.0,0.4995481317585465,103.0,0.0,0.24,7.5,39958.0,17.4,131442.0,0.0284670812164058,23.580310583920696,22.92762793732921
FL-514,2016,marion county,0.0,0.0,0.0,111000.0,622.0,708.0,0.478005321,93.0,0.0,0.24,6.6,40050.0,18.8,130698.0,-0.1323344156966254,20.4598239608526,23.580310583920696
FL-514,2017,marion county,0.0,0.0,0.0,114400.0,639.0,701.0,0.4658998768731793,89.0,0.0,0.25,5.9,39383.0,17.6,132466.0,-0.2233606649007175,15.889904077204932,20.4598239608526
FL-514,2018,marion county,0.0,0.0,0.0,119200.0,653.0,704.0,0.4422110552763819,96.0,0.3,0.25,5.1,43910.0,16.1,132717.0,-0.1823054680364592,12.993087677355646,15.889904077204932
FL-519,2012,pasco county,0.0,0.0,0.0,145100.0,726.0,908.0,0.5265618359541011,131.0,0.0,0.22,5.5,40766.0,15.7,321393.5,-0.2485691235165104,69.50549104,92.49751802224108
FL-519,2013,pasco county,0.0,0.0,0.0,131200.0,730.0,892.0,0.5252404724217704,127.0,0.0,0.22,9.3,42704.0,12.8,207412.0,-0.0051335073058672,69.14868409394826,69.50549104
FL-519,2014,pasco county,0.0,0.0,0.0,120000.0,740.0,876.0,0.5122047979090825,115.0,0.0,0.23,8.0,45678.0,13.1,209918.0,-0.7040350463157785,20.465587085190265,69.14868409394826
FL-519,2015,pasco county,0.0,0.0,0.0,115700.0,750.0,862.0,0.5121967198794523,102.0,0.0,0.25,6.9,45349.0,14.6,212730.0,0.0061118266872526,20.590669206507823,20.465587085190265
FL-519,2016,pasco county,0.0,0.0,0.0,117800.0,757.0,835.0,0.5006038523734468,92.0,0.0,0.26,5.9,46133.0,14.6,216242.0,1.3957481963886376,49.33005861392618,20.590669206507823
FL-519,2017,pasco county,0.0,0.0,0.0,122100.0,773.0,839.0,0.4949836677554829,82.0,0.0,0.27,5.2,46264.0,13.2,223250.0,0.0022547151135015,49.44128384263291,49.33005861392618
FL-519,2018,pasco county,0.0,0.0,0.0,134300.0,796.0,864.0,0.4903711516429961,77.0,0.27,0.28,4.5,51347.0,13.1,226509.0,-0.6735778924222231,16.138728073263326,49.44128384263291
FL-600,2012,miami-dade county,0.0,1.0,0.0,246800.0,913.0,1242.0,0.6144953871560367,91.0,0.0,0.42,5.5,40552.0,20.9,321393.5,-0.0533137109189937,14.527108608668277,15.345219188471017
FL-600,2013,miami-dade county,0.0,1.0,0.0,221900.0,934.0,1229.0,0.6125252672307115,90.0,0.0,0.43,7.9,41400.0,20.8,1287313.0,0.0743498762788177,15.607197336411712,14.527108608668277
FL-600,2014,miami-dade county,0.0,1.0,0.0,201000.0,949.0,1211.0,0.6112849927278978,86.0,0.0,0.44,7.6,41913.0,21.0,1272817.0,-0.012181394315767,15.417079911492891,15.607197336411712
FL-600,2015,miami-dade county,0.0,1.0,0.0,194100.0,962.0,1198.0,0.6158935987150015,77.0,0.0,0.45,6.8,42926.0,20.4,1298195.0,0.0125356005188157,15.610342266430024,15.417079911492891
FL-600,2016,miami-dade county,0.0,1.0,0.0,203300.0,977.0,1188.0,0.6179252915929283,70.0,0.0,0.46,6.1,43786.0,20.0,1295273.0,-0.1337744096866767,13.522077944731368,15.610342266430024
FL-600,2017,miami-dade county,0.0,1.0,0.0,221100.0,1000.0,1200.0,0.6139102484855977,64.0,0.0,0.47,5.5,45935.0,18.3,1305259.0,-0.058440769364191,12.731837306238708,13.522077944731368
FL-600,2018,miami-dade county,0.0,1.0,0.0,242800.0,1060.0,1236.0,0.6135644611702309,63.0,0.26,0.48,4.8,49930.0,16.6,1348920.0,0.00371077972657,12.779082349996688,12.731837306238708
FL-601,2012,broward county,0.0,0.0,0.0,225300.0,1012.0,1331.0,0.5840854747705772,109.0,0.0,0.32,5.5,48880.0,14.8,321393.5,-0.1285665951177336,15.28133979826456,17.53586643873162
FL-601,2013,broward county,0.0,0.0,0.0,199900.0,1027.0,1307.0,0.5824907972654731,104.0,0.0,0.33,8.2,49793.0,15.1,957268.0,-0.031662304008185,14.79749737191953,15.28133979826456
FL-601,2014,broward county,0.0,0.0,0.0,181500.0,1029.0,1281.0,0.584811647,96.0,0.0,0.34,7.1,50446.0,15.1,971733.0,-0.0681462659251985,13.789103180985274,14.79749737191953
FL-601,2015,broward county,0.0,0.0,0.0,177300.0,1044.0,1255.0,0.5747144388819005,85.0,0.0,0.35,6.1,51608.0,14.4,985640.0,-0.1257822615770796,12.054678597761244,13.789103180985274
FL-601,2016,broward county,0.0,0.0,0.0,185900.0,1061.0,1239.0,0.5780010057524132,79.0,0.0,0.36,5.2,53926.0,13.9,992033.0,0.0498625987309988,12.655756199512574,12.054678597761244
FL-601,2017,broward county,0.0,0.0,0.0,202300.0,1094.0,1251.0,0.5750297246183678,73.0,0.0,0.37,4.5,54212.0,13.5,1007259.0,-0.0613359397078225,11.879503500302368,12.655756199512574
FL-601,2018,broward county,0.0,0.0,0.0,223400.0,1140.0,1279.0,0.5775893165208118,74.0,0.29,0.38,4.0,56842.0,13.1,1014014.0,0.2082920950973787,14.353910173096994,11.879503500302368
FL-603,2012,lee county,0.0,0.0,0.0,181000.0,794.0,1055.0,0.5386991079687083,185.0,0.0,0.26,5.5,45266.0,15.3,321393.5,0.0598020650772121,12.82681530444779,12.10302916659564
FL-603,2013,lee county,0.0,0.0,0.0,161400.0,774.0,996.0,0.5200689009993614,164.0,0.0,0.28,9.1,46278.0,15.3,290468.0,-0.000686984441049,12.818003481905423,12.82681530444779
FL-603,2014,lee county,0.0,0.0,0.0,149400.0,780.0,966.0,0.5211839731844845,147.0,0.0,0.29,7.6,46383.0,16.5,298348.0,-0.3176267246145807,8.746663019849512,12.818003481905423
FL-603,2015,lee county,0.0,0.0,0.0,150000.0,776.0,940.0,0.5082832720247704,123.0,0.0,0.31,6.2,49055.0,16.3,309859.0,-0.3051631137470597,6.077504097815974,8.746663019849512
FL-603,2016,lee county,0.0,0.0,0.0,157400.0,790.0,926.0,0.4972544,107.0,0.0,0.31,5.2,50651.0,16.4,320586.0,-0.0406524928390851,5.830438406,6.077504097815974
FL-603,2017,lee county,0.0,0.0,0.0,171100.0,821.0,939.0,0.489820628,90.0,0.0,0.31,4.7,52909.0,12.9,330398.0,0.6546555923508641,9.647367514345158,5.830438406
FL-603,2018,lee county,0.0,0.0,0.0,190200.0,862.0,966.0,0.4822839088241932,88.0,0.28,0.3,4.2,53928.0,11.6,332639.0,-0.4995991087426467,4.8275513024655545,9.647367514345158
FL-605,2012,palm beach county,0.0,0.0,0.0,236600.0,988.0,1247.0,0.566665969,106.0,0.0,0.27,5.5,48953.0,15.9,321393.5,-0.2716226701666042,11.361557706728972,15.598450475288324
FL-605,2013,palm beach county,0.0,0.0,0.0,216200.0,999.0,1230.0,0.562346823,104.0,0.0,0.28,8.8,51278.0,14.3,656413.0,0.0050274785354136,11.418677694228416,11.361557706728972
FL-605,2014,palm beach county,0.0,0.0,0.0,199700.0,994.0,1203.0,0.5684981201767694,95.0,0.0,0.29,7.5,51804.0,14.9,670585.0,-0.1253430237643081,9.987426104643768,11.418677694228416
FL-605,2015,palm beach county,0.0,0.0,0.0,194600.0,1011.0,1183.0,0.5652727134609541,85.0,0.0,0.3,6.0,52203.0,14.8,683721.0,-0.0762794609798755,9.225590624805204,9.987426104643768
FL-605,2016,palm beach county,0.0,0.0,0.0,204700.0,1026.0,1170.0,0.5633980276707615,77.0,0.0,0.31,5.2,56664.0,13.5,693582.0,0.1840355478845718,10.92342725,9.225590624805204
FL-605,2017,palm beach county,0.0,0.0,0.0,222700.0,1062.0,1184.0,0.5600989273014502,76.0,0.0,0.31,4.7,57580.0,12.5,711609.0,-0.19354681763881,8.809232668053442,10.92342725
FL-605,2018,palm beach county,0.0,0.0,0.0,242500.0,1115.0,1215.0,0.5633886047953942,78.0,0.31,0.31,4.2,60057.0,11.7,716528.0,0.0595055975716447,9.333431322113617,8.809232668053442
FL-606,2012,collier county,0.0,0.0,0.0,317200.0,891.0,1213.0,0.5378591903796406,142.0,0.0,0.24,5.5,50564.0,17.0,321393.5,-0.1481587044043985,11.65933541788118,13.68721553905068
FL-606,2013,collier county,0.0,0.0,0.0,280700.0,885.0,1168.0,0.5276447540269917,137.0,0.0,0.25,8.7,54126.0,13.8,151770.0,-0.1122604523302273,10.35045315,11.65933541788118
FL-606,2014,collier county,0.0,0.0,0.0,261300.0,881.0,1119.0,0.5174143390074925,128.0,0.0,0.26,7.4,54406.0,12.8,155187.0,0.0518435394296428,10.887057275996696,10.35045315
FL-606,2015,collier county,0.0,0.0,0.0,258400.0,889.0,1098.0,0.5167041111078692,123.0,0.0,0.27,6.1,58026.0,14.5,159799.0,0.3709806996307128,14.925945401165594,10.887057275996696
FL-606,2016,collier county,0.0,0.0,0.0,272800.0,918.0,1104.0,0.5087816346286821,109.0,0.0,0.28,5.3,62126.0,14.2,164330.0,0.1157853671594668,16.654151469641707,14.925945401165594
FL-606,2017,collier county,0.0,0.0,0.0,291900.0,975.0,1129.0,0.5051222913537867,108.0,0.0,0.28,4.7,61228.0,11.4,169758.0,0.0359494312670014,17.252858743209824,16.654151469641707
FL-606,2018,collier county,0.0,0.0,0.0,316200.0,1032.0,1172.0,0.5060118939413613,106.0,0.27,0.28,4.2,66048.0,12.1,171952.0,-0.2500745222608045,12.938358335368484,17.252858743209824
GA-500,2014,dekalb county,0.0,0.0,0.0,238200.0,802.0,1179.0,0.4829669585494974,119.0,0.0,0.46,8.0,55914.0,17.6,507565.0,0.9441287641730368,9.307756055144372,4.787623241150675
GA-500,2014,fulton county,0.0,0.0,0.0,163600.0,795.0,1112.0,0.5230625085957915,111.0,0.0,0.44,7.3,50542.0,20.1,368198.0,-0.4971329441248551,4.680563884254504,9.307756055144372
GA-500,2015,dekalb county,0.0,0.0,0.0,237600.0,812.0,1173.0,0.483905416,105.0,0.0,0.47,7.1,55807.0,16.8,508619.0,0.3650321954935767,6.389120395071868,4.680563884254504
GA-500,2015,fulton county,0.0,0.0,0.0,163000.0,806.0,1105.0,0.5166434057347251,94.0,0.0,0.45,6.1,54057.0,17.3,368863.0,-0.2612664786880089,4.719857407537701,6.389120395071868
GA-500,2016,dekalb county,0.0,0.0,0.0,241300.0,821.0,1158.0,0.4727009926911749,91.0,0.0,0.48,6.1,60291.0,15.3,508815.0,0.2938623733137659,6.106845907019288,4.719857407537701
GA-500,2016,fulton county,0.0,0.0,0.0,168100.0,828.0,1110.0,0.5116754442921386,80.0,0.0,0.46,5.5,56109.0,17.3,382731.0,-0.5392943973106362,2.8134581241243954,6.106845907019288
GA-500,2017,dekalb county,0.0,0.0,0.0,252700.0,854.0,1173.0,0.4715741499930785,81.0,0.0,0.49,5.5,63510.0,15.6,531124.0,0.508072946108084,4.242900082,2.8134581241243954
GA-500,2017,fulton county,0.0,0.0,0.0,176000.0,865.0,1132.0,0.5004614013873863,65.0,0.33,0.46,4.8,61827.0,14.8,399020.0,-0.5017426412764433,2.114056188185282,4.242900082
GA-500,2018,dekalb county,0.0,0.0,0.0,268900.0,902.0,1210.0,0.4709262997823864,79.0,0.38,0.49,4.9,65037.0,14.2,554157.0,1.336162550643841,4.938778896795325,2.114056188185282
GA-500,2018,fulton county,0.0,0.0,0.0,192400.0,914.0,1172.0,0.4983650732368398,61.0,0.33,0.46,4.1,64461.0,13.8,398974.0,0.202767216479923,5.940201346508299,4.938778896795325
GA-503,2012,clarke county,0.0,0.0,1.0,161100.0,597.0,825.0,0.5206655692485652,156.0,0.01,0.54,5.5,28843.0,39.6,321393.5,-0.414833039474341,17.56483733971055,30.01679610197396
GA-503,2013,clarke county,0.0,0.0,1.0,161100.0,606.0,838.0,0.5184755444484113,170.0,0.01,0.55,8.6,32571.0,33.9,57948.0,0.1627598807661274,20.42368817079826,17.56483733971055
GA-503,2014,clarke county,0.0,0.0,1.0,156600.0,619.0,842.0,0.5291760041372178,161.0,0.01,0.56,7.8,31551.0,37.7,57805.0,-0.1069805841052667,18.238750080702435,20.42368817079826
GA-503,2015,clarke county,0.0,0.0,1.0,152700.0,626.0,840.0,0.5376788816279262,143.0,0.01,0.57,7.0,29996.0,39.5,56136.0,-0.0151680849646085,17.96210316983008,18.238750080702435
GA-503,2016,clarke county,0.0,0.0,1.0,150300.0,634.0,832.0,0.5373735808114077,116.0,0.01,0.6,6.2,31284.0,38.6,56485.0,0.047172410584992,18.80941887552729,17.96210316983008
GA-503,2017,clarke county,0.0,0.0,1.0,152300.0,645.0,835.0,0.5356521739130434,82.0,0.01,0.61,5.6,34999.0,27.7,58767.0,-0.114823768634658,16.649650514411373,18.80941887552729
GA-503,2018,clarke county,0.0,0.0,1.0,154600.0,663.0,845.0,0.5432727783829369,67.0,0.35,0.61,4.8,39825.0,27.0,61504.0,0.1092045584362253,18.46786824695514,16.649650514411373
GA-504,2012,richmond county,0.0,0.0,1.0,101700.0,550.0,790.0,0.464392351,105.0,0.0,0.43,5.5,38928.0,23.1,321393.5,0.2054952979246183,23.56400647515136,19.547157517510996
GA-504,2013,richmond county,0.0,0.0,1.0,102500.0,567.0,798.0,0.4864679897965532,98.0,0.0,0.44,10.5,37154.0,26.4,88115.0,-0.0052764302256599,23.439672639148224,23.56400647515136
GA-504,2014,richmond county,0.0,0.0,1.0,100900.0,582.0,803.0,0.5051389649090798,96.0,0.0,0.45,9.8,35649.0,26.8,86594.0,-0.1395279455276664,20.169183271966816,23.439672639148224
GA-504,2015,richmond county,0.0,0.0,1.0,100400.0,596.0,814.0,0.4979577233833219,106.0,0.0,0.47,8.7,35793.0,24.9,84527.0,-0.2943297327344697,14.232792950056286,20.169183271966816
GA-504,2016,richmond county,0.0,0.0,1.0,101900.0,602.0,809.0,0.508410104,101.0,0.0,0.47,7.5,41672.0,23.1,83351.0,-0.1435070083533908,12.190287413280476,14.232792950056286
GA-504,2017,richmond county,0.0,0.0,1.0,100600.0,613.0,804.0,0.4974402233986852,89.0,0.0,0.47,6.8,41419.0,25.2,84842.0,0.0948305648848286,13.34629925479028,12.190287413280476
GA-504,2018,richmond county,0.0,0.0,1.0,100200.0,629.0,816.0,0.504789696,99.0,0.34,0.47,6.0,37324.0,23.0,86817.0,0.4207142485035338,18.961277516072645,13.34629925479028
GA-506,2012,cobb county,0.0,0.0,0.0,210100.0,786.0,1237.0,0.4829236485322704,112.0,0.0,0.31,5.5,57906.0,12.6,321393.5,0.2455918165311272,6.901936725275032,5.541090294328016
GA-506,2013,cobb county,0.0,0.0,0.0,203000.0,798.0,1226.0,0.4839873703202526,104.0,0.0,0.32,7.6,63069.0,13.6,387385.0,0.0366320372654325,7.154768728598965,6.901936725275032
GA-506,2014,cobb county,0.0,0.0,0.0,196700.0,803.0,1202.0,0.4795981065950571,98.0,0.0,0.34,6.6,63086.0,13.5,388328.0,-0.2175824598461627,5.598016549,7.154768728598965
GA-506,2015,cobb county,0.0,0.0,0.0,194900.0,814.0,1188.0,0.4772587617641034,83.0,0.0,0.35,5.9,67043.0,12.8,392834.0,-0.0329873286615742,5.413352937245205,5.598016549
GA-506,2016,cobb county,0.0,0.0,0.0,197400.0,830.0,1163.0,0.4662865333084066,70.0,0.0,0.36,5.2,70246.0,11.1,393682.0,-0.0149500603387273,5.332422984198562,5.413352937245205
GA-506,2017,cobb county,0.0,0.0,0.0,205600.0,861.0,1163.0,0.4528837640066356,65.0,0.0,0.36,4.7,70947.0,9.6,410083.0,-0.0485450930966362,5.073560014,5.332422984198562
GA-506,2018,cobb county,0.0,0.0,0.0,219700.0,897.0,1187.0,0.4468700495681946,61.0,0.25,0.36,4.1,75654.0,9.2,425019.0,0.1694174823882244,5.933109778317444,5.073560014
IL-500,2012,mchenry county,0.0,0.0,0.0,243500.0,888.0,1640.0,0.4932320520874979,70.0,0.0,0.16,5.5,70117.0,9.2,321393.5,-0.0538626131336957,6.018041111353279,6.360641905596391
IL-500,2013,mchenry county,0.0,0.0,0.0,233400.0,890.0,1624.0,0.4897500401434459,69.0,0.0,0.17,9.0,76683.0,7.9,167661.0,-0.1023347700170042,5.402186258270064,6.018041111353279
IL-500,2014,mchenry county,0.0,0.0,0.0,220500.0,913.0,1561.0,0.490077922,64.0,0.0,0.18,8.7,75449.0,6.7,167315.0,0.0660569022428494,5.759037947830275,5.402186258270064
IL-500,2015,mchenry county,0.0,0.0,0.0,213400.0,904.0,1523.0,0.4763679737587595,53.0,0.0,0.18,6.6,76628.0,6.4,165941.0,-0.128982768917345,5.016221287019062,5.759037947830275
IL-500,2016,mchenry county,0.0,0.0,0.0,208200.0,918.0,1457.0,0.4619007252519544,56.0,0.0,0.19,5.5,80125.0,9.2,165854.0,-0.0004026485739209,5.014201512671372,5.016221287019062
IL-500,2017,mchenry county,0.0,0.0,0.0,208500.0,941.0,1428.0,0.4534437400267391,44.0,0.0,0.21,5.4,81063.0,7.9,167872.0,0.156904597377915,5.800952782188807,5.014201512671372
IL-500,2018,mchenry county,0.0,0.0,0.0,212600.0,989.0,1429.0,0.4431266138561863,42.0,0.2,0.21,4.4,86348.0,6.0,170561.0,-0.1094345037984593,5.166128392911682,5.800952782188807
IL-502,2012,lake county,0.0,0.0,0.0,280900.0,866.0,1670.0,0.4801340532489294,73.0,0.0,0.22,5.5,74266.0,11.4,321393.5,0.1030321134042369,7.069510212384018,6.409160827209025
IL-502,2013,lake county,0.0,0.0,0.0,267700.0,878.0,1645.0,0.4701946362902502,70.0,0.0,0.23,8.2,74334.0,9.3,365531.0,-0.1795912188836392,5.799888256431637,7.069510212384018
IL-502,2014,lake county,0.0,0.0,0.0,254800.0,897.0,1596.0,0.4732445791640115,67.0,0.0,0.24,7.9,74869.0,9.2,363470.0,-0.0545239255449104,5.483655580969158,5.799888256431637
IL-502,2015,lake county,0.0,0.0,0.0,247300.0,912.0,1554.0,0.4775680436010767,62.0,0.0,0.25,6.5,77772.0,9.3,364629.0,-0.2244377547382186,4.252916234618739,5.483655580969158
IL-502,2016,lake county,0.0,0.0,0.0,245300.0,927.0,1505.0,0.4732842706853339,58.0,0.0,0.26,5.4,82113.0,8.9,367278.0,-0.2379708763119883,3.240846031385036,4.252916234618739
IL-502,2017,lake county,0.0,0.0,0.0,246700.0,946.0,1478.0,0.4579255145884068,63.0,0.0,0.27,5.2,83152.0,8.5,373373.0,0.2195720054439554,3.952445093831332,3.240846031385036
IL-502,2018,lake county,0.0,0.0,0.0,251400.0,983.0,1484.0,0.4624757684851842,59.0,0.22,0.27,4.5,85895.0,7.4,372970.0,-0.0846403778124097,3.617908647806643,3.952445093831332
IL-503,2012,champaign county,0.0,0.0,1.0,147800.0,627.0,874.0,0.5517327975891512,69.0,0.0,0.45,5.5,39591.0,24.9,321393.5,0.0158228876018531,10.444272000078088,10.281587595190777
IL-503,2013,champaign county,0.0,0.0,1.0,149000.0,642.0,886.0,0.5407940240697192,68.0,0.0,0.46,7.1,46375.0,21.3,107160.0,-0.052397076040041,9.897022685907125,10.444272000078088
IL-503,2014,champaign county,0.0,0.0,1.0,149500.0,658.0,888.0,0.5447181815633846,72.0,0.0,0.45,7.2,45682.0,22.3,106157.0,-0.211456446526871,7.804233437549375,9.897022685907125
IL-503,2015,champaign county,0.0,0.0,1.0,149200.0,672.0,886.0,0.5401209621226901,68.0,0.0,0.45,5.8,46776.0,23.5,106804.0,0.1558202261095267,9.020290856399848,7.804233437549375
IL-503,2016,champaign county,0.0,0.0,1.0,150200.0,682.0,888.0,0.5213383312508677,80.0,0.0,0.45,5.1,50252.0,20.7,107403.0,-0.1529192004717046,7.640915190616956,9.020290856399848
IL-503,2017,champaign county,0.0,0.0,1.0,151400.0,695.0,895.0,0.4940851299060254,87.0,0.0,0.45,5.0,50335.0,19.7,107858.0,0.1717321164609202,8.953105728,7.640915190616956
IL-503,2018,champaign county,0.0,0.0,1.0,154800.0,708.0,913.0,0.4946370194256072,96.0,0.35,0.45,4.3,50281.0,19.8,107070.0,-0.1956823748349888,7.201140736996218,8.953105728
IL-504,2012,madison county,0.0,0.0,0.0,124300.0,552.0,853.0,0.5025757188264952,57.0,0.0,0.26,5.5,50372.0,14.1,321393.5,0.0280353634577601,7.521751333146224,7.316627034936894
IL-504,2013,madison county,0.0,0.0,0.0,124900.0,567.0,865.0,0.4904057991613957,54.0,0.0,0.26,8.9,51688.0,13.0,135081.0,0.1970086542079521,9.003601440576231,7.521751333146224
IL-504,2014,madison county,0.0,0.0,0.0,124600.0,583.0,864.0,0.4694437853777582,57.0,0.0,0.28,8.9,54101.0,13.8,133115.0,-0.2990770409715675,6.310830963641349,9.003601440576231
IL-504,2015,madison county,0.0,0.0,0.0,125100.0,592.0,861.0,0.459361654,57.0,0.0,0.29,7.1,54438.0,13.0,132263.0,0.1865295203907442,7.487987236556428,6.310830963641349
IL-504,2016,madison county,0.0,0.0,0.0,126500.0,599.0,847.0,0.447916332,60.0,0.0,0.29,6.0,52664.0,12.9,133247.0,-0.114474977476408,6.630800066308001,7.487987236556428
IL-504,2017,madison county,0.0,0.0,0.0,129200.0,605.0,849.0,0.4424875112078903,61.0,0.0,0.29,5.9,56035.0,13.4,135685.0,-0.1674213176646427,5.520662782035915,6.630800066308001
IL-504,2018,madison county,0.0,0.0,0.0,130200.0,616.0,859.0,0.4505030628114387,62.0,0.28,0.29,4.8,57890.0,15.1,134303.0,-0.3042863033806442,3.840800711879103,5.520662782035915
IL-506,2012,will county,0.0,0.0,0.0,236300.0,779.0,1625.0,0.4909450306677131,71.0,0.0,0.16,5.5,71882.0,8.2,321393.5,-0.0107600410076857,4.217747049407685,4.2636238165147295
IL-506,2013,will county,0.0,0.0,0.0,228900.0,809.0,1616.0,0.4958952252821174,67.0,0.0,0.16,9.8,72180.0,8.3,357443.0,0.0688624251491909,4.508191339895743,4.217747049407685
IL-506,2014,will county,0.0,0.0,0.0,219400.0,831.0,1572.0,0.4800020967657388,65.0,0.0,0.17,9.9,74397.0,8.4,359245.0,0.0973713388420471,4.947159966417514,4.508191339895743
IL-506,2015,will county,0.0,0.0,0.0,212700.0,855.0,1520.0,0.4885830079572975,54.0,0.0,0.18,7.7,74828.0,7.9,357335.0,-0.1498618451657496,4.205769445520057,4.947159966417514
IL-506,2016,will county,0.0,0.0,0.0,209800.0,863.0,1464.0,0.4934484092447539,54.0,0.0,0.18,6.3,75992.0,7.9,356963.0,-0.0319831629832951,4.071255635873826,4.205769445520057
IL-506,2017,will county,0.0,0.0,0.0,210600.0,885.0,1442.0,0.4882444037730536,50.0,0.0,0.19,6.1,81438.0,7.0,362899.0,0.2098329305805384,4.925539137091765,4.071255635873826
IL-506,2018,will county,0.0,0.0,0.0,216400.0,917.0,1448.0,0.4817319432704048,63.0,0.21,0.19,5.1,82196.0,6.8,367608.0,-0.1829012817482782,4.024651715616373,4.925539137091765
IL-511,2012,cook county,0.0,0.0,0.0,256900.0,810.0,1187.0,0.4984533214071369,79.0,0.0,0.4,5.5,50813.0,17.6,321393.5,-0.0017839219951534,2.369912416280268,2.374147710600952
IL-511,2013,cook county,0.0,0.0,0.0,244900.0,833.0,1196.0,0.4988185776304762,76.0,0.0,0.41,9.7,52174.0,17.9,2663370.0,-0.0493532992640133,2.2529494195700868,2.369912416280268
IL-511,2014,cook county,0.0,0.0,0.0,231200.0,847.0,1191.0,0.4986801556497532,75.0,0.0,0.42,9.7,53827.0,17.7,2677937.0,-0.2416176955114104,1.7085969727097927,2.2529494195700868
IL-511,2015,cook county,0.0,0.0,0.0,222200.0,856.0,1191.0,0.4955044979363412,72.0,0.0,0.42,7.6,55069.0,17.0,2657984.0,0.0707839191501655,1.8295381626863003,1.7085969727097927
IL-511,2016,cook county,0.0,0.0,0.0,218700.0,863.0,1179.0,0.4886280123618449,66.0,0.0,0.43,6.3,56851.0,16.1,2647903.0,-0.1818929442993445,1.496758079567276,1.8295381626863003
IL-511,2017,cook county,0.0,0.0,0.0,219800.0,883.0,1187.0,0.4795389620976374,60.0,0.0,0.43,6.2,60046.0,14.9,2664757.0,0.1258785401609161,1.685167801597261,1.496758079567276
IL-511,2018,cook county,0.0,0.0,0.0,227400.0,911.0,1208.0,0.4760204601399231,61.0,0.33,0.43,5.1,61405.0,14.4,2689206.0,0.0335283960144414,1.741668775,1.685167801597261
IL-514,2012,dupage county,0.0,0.0,0.0,309800.0,945.0,1538.0,0.4557667871550352,75.0,0.0,0.24,5.5,74072.0,7.7,321393.5,0.0328348561127183,7.134228634326261,6.907424349694554
IL-514,2013,dupage county,0.0,0.0,0.0,298500.0,970.0,1536.0,0.4565737906059776,72.0,0.0,0.25,7.5,78268.0,7.2,508341.0,-0.0171550212541437,7.0118407904724736,7.134228634326261
IL-514,2014,dupage county,0.0,0.0,0.0,286500.0,986.0,1508.0,0.4555305949041472,67.0,0.0,0.26,7.4,76195.0,6.8,511692.0,0.0263916807163064,7.1968950538481975,7.0118407904724736
IL-514,2015,dupage county,0.0,0.0,0.0,279700.0,1003.0,1486.0,0.4513820363628115,58.0,0.0,0.26,5.8,80015.0,7.9,510658.0,-0.1702254727329294,5.971800191097606,7.1968950538481975
IL-514,2016,dupage county,0.0,0.0,0.0,278500.0,1029.0,1463.0,0.4423444041306168,48.0,0.0,0.26,4.8,81559.0,7.1,511797.0,-0.4040909142765665,3.558649992,5.971800191097606
IL-514,2017,dupage county,0.0,0.0,0.0,283500.0,1073.0,1453.0,0.439345762,48.0,0.0,0.27,4.8,84908.0,7.0,516779.0,-0.1072842319299116,3.176862960900894,3.558649992
IL-514,2018,dupage county,0.0,0.0,0.0,289900.0,1118.0,1479.0,0.4402711595813753,47.0,0.25,0.27,4.0,89521.0,6.0,522426.0,0.0538904527131516,3.348065544071486,3.176862960900894
IL-517,2012,kane county,0.0,0.0,0.0,241600.0,829.0,1517.0,0.5097199838839646,63.0,0.0,0.23,5.5,66497.0,13.2,321393.5,0.0440936601099379,8.612738068,8.249009066
IL-517,2013,kane county,0.0,0.0,0.0,233800.0,847.0,1494.0,0.5250852411105699,67.0,0.0,0.24,9.0,64638.0,12.1,266912.0,-0.1082336705307164,7.680549813580729,8.612738068
IL-517,2014,kane county,0.0,0.0,0.0,223100.0,854.0,1456.0,0.5220218670350874,63.0,0.0,0.25,8.6,72108.0,10.7,265252.0,-0.0483657854311418,7.3090739893038865,7.680549813580729
IL-517,2015,kane county,0.0,0.0,0.0,216000.0,864.0,1413.0,0.5122191204063887,54.0,0.0,0.26,6.9,72541.0,10.6,265695.0,-0.0865451571752211,6.676509032094261,7.3090739893038865
IL-517,2016,kane county,0.0,0.0,0.0,213200.0,869.0,1362.0,0.4928251711427067,48.0,0.0,0.26,5.8,70359.0,11.1,268642.0,0.0084855501872602,6.733162884561793,6.676509032094261
IL-517,2017,kane county,0.0,0.0,0.0,215800.0,890.0,1347.0,0.490577364,49.0,0.0,0.27,5.5,73347.0,10.8,271322.0,0.1954528275939453,8.049178609,6.733162884561793
IL-517,2018,kane county,0.0,0.0,0.0,223400.0,921.0,1359.0,0.4722080245336059,39.0,0.21,0.27,4.8,75628.0,9.2,269864.0,-0.0946017156519032,7.287712503,8.049178609
KS-505,2012,johnson county,0.0,0.0,0.0,211800.0,748.0,1264.0,0.3894590478712838,63.0,0.0,0.28,5.5,69856.0,6.6,321393.5,-0.2695744948961611,3.757057712,5.143656246595453
KS-505,2013,johnson county,0.0,0.0,0.0,211900.0,761.0,1259.0,0.401604424,57.0,0.0,0.29,4.6,73227.0,6.8,311453.0,-0.2259821734436474,2.9080296444890226,3.757057712
KS-505,2014,johnson county,0.0,0.0,0.0,210900.0,773.0,1245.0,0.4058267155838325,52.0,0.0,0.3,4.3,73737.0,5.9,314912.0,0.0313436169000664,2.9991778115999232,2.9080296444890226
KS-505,2015,johnson county,0.0,0.0,0.0,212300.0,778.0,1226.0,0.4135945050603288,51.0,0.0,0.3,3.8,75679.0,6.5,321300.0,-0.1271469971908206,2.617841358813656,2.9991778115999232
KS-505,2016,johnson county,0.0,0.0,0.0,215600.0,792.0,1208.0,0.3914263957117047,45.0,0.0,0.3,3.4,82892.0,5.3,325565.0,-0.1599952079725963,2.198999286171001,2.617841358813656
KS-505,2017,johnson county,0.0,0.0,0.0,222400.0,818.0,1211.0,0.3903512594787762,42.0,0.0,0.31,3.2,80553.0,5.6,329826.0,0.2785164159333904,2.8114566859954317,2.198999286171001
KS-505,2018,johnson county,0.0,0.0,0.0,232500.0,849.0,1226.0,0.3880986895928121,41.0,0.26,0.31,3.0,82855.0,5.3,335466.0,0.1159499652225011,3.1374449909611704,2.8114566859954317
MD-503,2012,anne arundel county,0.0,0.0,0.0,361700.0,1201.0,1668.0,0.4692694552725657,5.7,0.0,0.25,5.5,84138.0,5.7,321393.5,0.0622457805792624,7.1975715393626185,6.775806193777158
MD-503,2013,anne arundel county,0.0,0.0,0.0,349800.0,1234.0,1681.0,0.4678591062593261,5.3,0.0,0.26,5.9,89179.0,5.7,293879.0,-0.0475239274096759,6.855514672,7.1975715393626185
MD-503,2014,anne arundel county,0.0,0.0,0.0,340000.0,1265.0,1678.0,0.4721015055098556,4.8,0.0,0.26,5.6,86230.0,7.1,296534.0,-0.1338851011767324,5.937663396520706,6.855514672
MD-503,2015,anne arundel county,0.0,0.0,0.0,333100.0,1304.0,1682.0,0.4570806352143077,4.7,0.0,0.26,5.0,87217.0,6.1,297403.0,0.155676348299709,6.862017151523896,5.937663396520706
MD-503,2016,anne arundel county,0.0,0.0,0.0,334100.0,1322.0,1656.0,0.4535806012992899,4.5,0.0,0.26,4.3,91230.0,5.6,300799.0,-0.0441200626314933,6.55926452502028,6.862017151523896
MD-503,2017,anne arundel county,0.0,0.0,0.0,338500.0,1348.0,1659.0,0.4406893715652921,4.8,0.0,0.26,3.7,96483.0,6.9,303234.0,-0.0313205569369295,6.353824707,6.55926452502028
MD-503,2018,anne arundel county,0.0,0.0,0.0,346000.0,1403.0,1688.0,0.4414888581760351,5.5,0.25,0.26,3.4,97085.0,5.8,313685.0,-0.1794261597457914,5.213782340125062,6.353824707
MD-504,2012,howard county,0.0,0.0,0.0,447000.0,1231.0,1867.0,0.451602024,6.4,0.0,0.26,5.5,98953.0,6.1,321393.5,-0.170783716455966,6.369426751592356,7.681261063
MD-504,2013,howard county,0.0,0.0,0.0,435300.0,1278.0,1902.0,0.4530661943767987,5.8,0.0,0.26,4.9,108844.0,4.5,168338.0,-0.1370390967524993,5.496566262722934,6.369426751592356
MD-504,2014,howard county,0.0,0.0,0.0,428100.0,1324.0,1911.0,0.4621365543179517,4.2,0.0,0.26,4.8,109476.0,4.5,171324.0,-0.0363968124851959,5.2965087711461525,5.496566262722934
MD-504,2015,howard county,0.0,0.0,0.0,426300.0,1375.0,1898.0,0.46132443,3.4,0.0,0.27,4.3,107490.0,6.1,173385.0,0.2736371529436063,6.745830351823424,5.2965087711461525
MD-504,2016,howard county,0.0,0.0,0.0,429100.0,1403.0,1885.0,0.4480598151545571,3.6,0.0,0.27,3.7,110892.0,4.5,176684.0,-0.2244389701694961,5.231803134722045,6.745830351823424
MD-504,2017,howard county,0.0,0.0,0.0,434700.0,1448.0,1886.0,0.4277646575623781,4.6,0.0,0.27,3.2,120941.0,4.7,179120.0,-0.0064450055074939,5.198084134704637,5.231803134722045
MD-504,2018,howard county,0.0,0.0,0.0,439900.0,1485.0,1908.0,0.4239958981370705,4.9,0.21,0.26,3.0,111473.0,6.3,186139.0,0.1872668137536572,6.171512788234211,5.198084134704637
MD-505,2012,baltimore county,0.0,0.0,0.0,265733.3333333333,931.3333333333334,1255.3333333333333,0.482691873628142,5.7,0.0,0.3366666666666666,6.633333333333333,62431.66666666666,9.666666666666666,400739.1666666667,0.0469964829519105,10.131418729730033,9.786471426561707
MD-505,2013,baltimore county,0.0,0.0,0.0,256833.3333333333,955.6666666666666,1261.3333333333333,0.4843273497507462,5.9,0.0,0.3333333333333333,6.933333333333334,64011.333333333336,9.633333333333333,441565.3333333333,-0.1279254397766046,10.09492403703426,10.131418729730033
MD-505,2014,baltimore county,0.0,0.0,0.0,250233.3333333333,975.3333333333334,1257.3333333333333,0.4855571260121014,5.866666666666667,0.0,0.3366666666666666,6.266666666666667,67103.0,9.666666666666666,441594.0,0.1008978018831496,7.401616071029828,10.09492403703426
MD-505,2015,baltimore county,0.0,0.0,0.0,247300.0,992.6666666666666,1254.0,0.4860575973671512,5.933333333333334,0.0,0.34,5.466666666666666,68602.33333333333,9.366666666666664,443578.0,0.0080955930646546,9.018146574593514,7.401616071029828
MD-505,2016,baltimore county,0.0,0.0,0.0,246800.0,1026.6666666666667,1263.6666666666667,0.4715335936861116,6.2,0.0,0.34,4.733333333333333,71434.33333333333,9.066666666666666,444691.0,-0.0677391476703905,8.714965268783637,9.018146574593514
MD-505,2017,baltimore county,0.0,0.0,0.0,248700.0,1067.0,1285.6666666666667,0.4682505935670817,6.1000000000000005,0.1866666666666666,0.34,4.3,73458.0,8.4,452582.3333333333,0.0835762370032184,7.774154036566211,8.714965268783637
MD-505,2018,baltimore county,0.0,0.0,0.0,253466.66666666663,1104.0,1322.0,0.4733989832821985,6.466666666666666,0.2866666666666667,0.34,4.0,75389.66666666667,9.433333333333332,458286.6666666667,-0.0096998474674158,9.083262658220022,7.774154036566211
MD-601,2012,montgomery county,0.0,0.0,0.0,469900.0,1362.0,1869.0,0.4912247491819681,4.3,0.0,0.31,5.5,92909.0,6.5,321393.5,0.0103678509260567,9.875309464067742,9.773974355
MD-601,2013,montgomery county,0.0,0.0,0.0,455800.0,1395.0,1871.0,0.4958182520996591,4.2,0.0,0.32,5.1,94965.0,6.4,540810.0,-0.1244089155722721,8.646732922702478,9.875309464067742
MD-601,2014,montgomery county,0.0,0.0,0.0,446300.0,1423.0,1860.0,0.4899424434818726,3.7,0.0,0.33,4.9,98326.0,6.9,543134.0,0.2230912610934325,10.575743474766275,8.646732922702478
MD-601,2015,montgomery county,0.0,0.0,0.0,448700.0,1451.0,1842.0,0.4935775569919492,3.9,0.0,0.33,4.3,97765.0,7.0,544271.0,-0.1113830454762743,9.397784958370972,10.575743474766275
MD-601,2016,montgomery county,0.0,0.0,0.0,454700.0,1463.0,1827.0,0.4919769220187569,3.9,0.0,0.34,3.8,98917.0,7.5,547229.0,-0.1015498589135045,8.443441221748945,9.397784958370972
MD-601,2017,montgomery county,0.0,0.0,0.0,460100.0,1485.0,1814.0,0.4904671981542789,3.9,0.0,0.34,3.3,99763.0,6.7,544649.0,-0.0548297319248588,7.980489603037147,8.443441221748945
MD-601,2018,montgomery county,0.0,0.0,0.0,467500.0,1538.0,1846.0,0.4912916413936524,4.0,0.25,0.34,3.2,103235.0,6.9,561370.0,-0.2283844479136755,6.157869890966681,7.980489603037147
MI-502,2012,wayne county,0.0,0.0,0.0,110000.0,611.0,912.0,0.5458358193240445,11.2,0.0,0.33,5.5,38479.0,25.9,321393.5,-0.1939946014789053,2.1405158530547133,2.6557090771132
MI-502,2013,wayne county,0.0,0.0,0.0,97100.0,614.0,893.0,0.5478711508687425,10.7,0.0,0.34,11.7,39486.0,26.2,773587.0,0.2071185244027036,2.583856338,2.1405158530547133
MI-502,2014,wayne county,0.0,0.0,0.0,86800.0,618.0,872.0,0.544445196,10.0,0.0,0.35,11.4,40487.0,24.9,778327.0,-0.2674667747190944,1.8927606169376496,2.583856338
MI-502,2015,wayne county,0.0,0.0,0.0,83200.0,622.0,855.0,0.536985506,8.9,0.0,0.36,9.6,41435.0,24.0,767640.0,-0.1634278613761466,1.5834307972145336,1.8927606169376496
MI-502,2016,wayne county,0.0,0.0,0.0,83000.0,623.0,830.0,0.5275386845237613,7.7,0.0,0.37,6.8,41557.0,24.8,756308.0,-0.1860928714285822,1.288765613452432,1.5834307972145336
MI-502,2017,wayne county,0.0,0.0,0.0,86000.0,632.0,825.0,0.5187744895347235,6.9,0.0,0.38,6.2,43464.0,22.7,778939.0,-0.06651913342369,1.2030380416593258,1.288765613452432
MI-502,2018,wayne county,0.0,0.0,0.0,92400.0,647.0,835.0,0.5079003575516562,6.4,0.33,0.38,5.5,45135.0,22.7,800940.0,0.0548692738329685,1.2690478653986097,1.2030380416593258
MI-503,2012,macomb county,0.0,0.0,0.0,148600.0,665.0,1020.0,0.4784223870276719,6.5,0.0,0.22,5.5,50891.0,14.3,321393.5,-0.1768616626378355,5.896329886,7.163230794103729
MI-503,2013,macomb county,0.0,0.0,0.0,134700.0,673.0,1001.0,0.4879132231404958,6.4,0.0,0.23,9.8,52185.0,12.4,412673.0,-0.3236720431420546,3.987852744758822,5.896329886
MI-503,2014,macomb county,0.0,0.0,0.0,123100.0,688.0,976.0,0.4878855434969009,5.4,0.0,0.25,9.4,52851.0,13.3,421344.0,0.3047810255740188,5.203274594144582,3.987852744758822
MI-503,2015,macomb county,0.0,0.0,0.0,121300.0,708.0,961.0,0.4879092585505027,4.9,0.0,0.26,7.9,54792.0,12.2,420573.0,-0.1074271182664348,4.644301798946676,5.203274594144582
MI-503,2016,macomb county,0.0,0.0,0.0,126000.0,714.0,934.0,0.4881761832163007,4.3,0.0,0.27,5.7,54640.0,11.7,420070.0,-0.1252625250372598,4.062544828575527,4.644301798946676
MI-503,2017,macomb county,0.0,0.0,0.0,134800.0,736.0,938.0,0.4807273840635969,4.3,0.0,0.27,5.2,60143.0,10.8,435441.0,-0.2402386819141527,3.086564413741385,4.062544828575527
MI-503,2018,macomb county,0.0,0.0,0.0,146700.0,761.0,953.0,0.4735348696702917,4.3,0.29,0.27,4.4,60380.0,11.3,447838.0,-0.0176347076802697,3.032133752568732,3.086564413741385
MI-504,2012,oakland county,0.0,0.0,0.0,190500.0,760.0,1239.0,0.4577904217028433,9.6,0.0,0.26,5.5,61888.0,11.1,321393.5,-0.0689425708767305,5.6672404273976165,6.086885996639515
MI-504,2013,oakland county,0.0,0.0,0.0,177600.0,768.0,1210.0,0.461465085,8.5,0.0,0.28,8.2,63345.0,10.5,617642.0,-0.3485662931523554,3.691831439216459,5.6672404273976165
MI-504,2014,oakland county,0.0,0.0,0.0,170500.0,777.0,1180.0,0.4602838977852508,7.8,0.0,0.28,7.7,67202.0,10.0,630193.0,0.0574795830760763,3.904036371129772,3.691831439216459
MI-504,2015,oakland county,0.0,0.0,0.0,170600.0,786.0,1154.0,0.4456364833994366,6.8,0.0,0.29,6.4,69293.0,9.9,629684.0,-0.0981166930717077,3.520985232762848,3.904036371129772
MI-504,2016,oakland county,0.0,0.0,0.0,178900.0,795.0,1131.0,0.434102944,5.6,0.0,0.3,4.7,69998.0,9.3,630756.0,-0.0645240207641366,3.2937971084938398,3.520985232762848
MI-504,2017,oakland county,0.0,0.0,0.0,191500.0,824.0,1128.0,0.424125725,5.1,0.0,0.3,4.1,71920.0,8.5,652450.0,0.0295228050415046,3.391039238374175,3.2937971084938398
MI-504,2018,oakland county,0.0,0.0,0.0,209800.0,858.0,1151.0,0.4137276253998502,5.0,0.29,0.29,3.5,77475.0,7.7,673030.0,-0.003404064424725,3.379495922339979,3.391039238374175
MI-505,2012,genesee county,0.0,0.0,0.0,109000.0,521.0,815.0,0.5280312907431551,10.2,0.0,0.29,5.5,40843.0,20.5,321393.5,-0.1038508691652323,9.316859905,10.396550735167589
MI-505,2013,genesee county,0.0,0.0,0.0,99900.0,526.0,810.0,0.5397886040578301,9.2,0.0,0.3,10.0,40323.0,21.4,179625.0,0.6506862601312957,15.379212632751669,9.316859905
MI-505,2014,genesee county,0.0,0.0,0.0,91700.0,531.0,800.0,0.5444144125835755,8.4,0.0,0.3,9.8,41249.0,21.6,182045.0,-0.227668965797979,11.877843197865882,15.379212632751669
MI-505,2015,genesee county,0.0,0.0,0.0,88300.0,535.0,787.0,0.5404862683334974,7.7,0.0,0.31,8.0,41682.0,21.5,181939.0,-0.2232353423790841,9.226288804865217,11.877843197865882
MI-505,2016,genesee county,0.0,0.0,0.0,88500.0,537.0,779.0,0.5177520071364853,7.4,0.0,0.31,6.3,44025.0,20.6,180129.0,0.1174219838903292,10.309657940277624,9.226288804865217
MI-505,2017,genesee county,0.0,0.0,0.0,91800.0,543.0,772.0,0.5055587145350091,6.7,0.0,0.31,5.8,43955.0,20.2,180586.0,0.0441206933113877,10.764527196405927,10.309657940277624
MI-505,2018,genesee county,0.0,0.0,0.0,96500.0,558.0,784.0,0.5034736165769818,6.2,0.3,0.3,5.6,46298.0,18.3,180563.0,0.0301289658719587,11.088851268934214,10.764527196405927
MI-506,2012,kent county,0.0,0.0,0.0,145300.0,622.0,932.0,0.4918226421951662,7.6,0.0,0.29,5.5,50712.0,14.5,321393.5,0.016120586358896,11.774167604954156,11.58737236802276
MI-506,2013,kent county,0.0,0.0,0.0,141000.0,632.0,924.0,0.4884566683353455,7.2,0.0,0.3,6.7,50653.0,17.1,321042.0,0.0703571680198928,12.602564693430296,11.774167604954156
MI-506,2014,kent county,0.0,0.0,0.0,137500.0,639.0,908.0,0.4775058734258489,6.2,0.0,0.3,6.2,51992.0,14.7,327984.0,0.1371739108348468,14.331307778977292,12.602564693430296
MI-506,2015,kent county,0.0,0.0,0.0,136700.0,650.0,895.0,0.475382433,5.2,0.0,0.31,5.0,53304.0,15.4,336948.0,-0.1307351429402488,12.457702207971996,14.331307778977292
MI-506,2016,kent county,0.0,0.0,0.0,139300.0,654.0,877.0,0.4721273707162546,4.3,0.0,0.31,3.8,54340.0,14.6,344072.0,0.1287141416664352,14.061184654807168,12.457702207971996
MI-506,2017,kent county,0.0,0.0,0.0,144300.0,678.0,884.0,0.4623595888079515,4.0,0.0,0.31,3.6,59668.0,12.0,351257.0,-0.2135325203788717,11.058664455953478,14.061184654807168
MI-506,2018,kent county,0.0,0.0,0.0,153500.0,715.0,907.0,0.4591254752851711,3.9,0.26,0.31,3.4,61125.0,10.2,355685.0,0.0447285731154145,11.55330273763043,11.058664455953478
MI-509,2012,washtenaw county,0.0,0.0,0.0,208800.0,773.0,1164.0,0.5254845941709819,7.1,0.0,0.38,5.5,56612.0,16.9,321393.5,0.3261354906856157,14.397018970189702,10.856371065634027
MI-509,2013,washtenaw county,0.0,0.0,0.0,200300.0,786.0,1161.0,0.5284435460583309,5.9,0.0,0.39,5.9,56330.0,16.5,182378.0,0.0607401722605012,15.271496382476728,14.397018970189702
MI-509,2014,washtenaw county,0.0,0.0,0.0,198400.0,800.0,1154.0,0.5194573366654767,4.9,0.0,0.39,5.8,59660.0,16.7,184506.0,-0.3212464875433051,10.36558181007579,15.271496382476728
MI-509,2015,washtenaw county,0.0,0.0,0.0,199200.0,824.0,1149.0,0.5018332743955778,4.2,0.0,0.39,4.9,62845.0,14.5,187616.0,-0.0953388468172459,9.377339193713343,10.36558181007579
MI-509,2016,washtenaw county,0.0,0.0,0.0,208200.0,841.0,1137.0,0.4983255914443124,3.1,0.0,0.4,3.8,61977.0,14.6,189301.0,-0.1239681073256665,8.214848202117908,9.377339193713343
MI-509,2017,washtenaw county,0.0,0.0,0.0,218100.0,868.0,1141.0,0.4936136765572804,2.9,0.0,0.4,3.7,65601.0,14.8,192000.0,-0.0746224257955574,7.601836301733596,8.214848202117908
MI-509,2018,washtenaw county,0.0,0.0,0.0,231500.0,905.0,1172.0,0.4781743879064048,3.5,0.3,0.4,3.5,70286.0,13.0,194316.0,-0.0230609946133201,7.426530395727976,7.601836301733596
MN-500,2012,hennepin county,0.0,1.0,0.0,244100.0,810.0,1221.0,0.4786442743713369,5.5,0.0,0.35,5.5,60817.0,13.5,321393.5,0.0802000585207807,29.95550468894157,27.73144146091091
MN-500,2013,hennepin county,0.0,1.0,0.0,238300.0,831.0,1220.0,0.4755982763560248,4.9,0.0,0.36,5.3,62541.0,13.1,660564.0,0.0275975397383787,30.782202919977824,29.95550468894157
MN-500,2014,hennepin county,0.0,1.0,0.0,230900.0,846.0,1206.0,0.469451589,4.4,0.0,0.36,4.7,64379.0,12.1,667509.0,-0.1461100228428478,26.28461454818669,30.782202919977824
MN-500,2015,hennepin county,0.0,1.0,0.0,227400.0,859.0,1194.0,0.4700470377421883,4.0,0.0,0.37,3.9,64433.0,13.0,673912.0,-0.0566544619887432,24.79547385237768,26.28461454818669
MN-500,2016,hennepin county,0.0,1.0,0.0,229200.0,874.0,1182.0,0.4626834645324697,3.5,0.0,0.37,3.4,68935.0,10.8,678387.0,-0.01528541033479,24.41646486009853,24.79547385237768
MN-500,2017,hennepin county,0.0,1.0,0.0,235800.0,904.0,1199.0,0.4606841546691251,3.2,0.0,0.38,3.3,71200.0,10.9,685106.0,-0.0201874396617033,23.92355894898319,24.41646486009853
MN-500,2018,hennepin county,0.0,1.0,0.0,245400.0,947.0,1232.0,0.4572438388587695,3.3,0.33,0.38,3.1,74592.0,10.5,701697.0,0.1227247212644291,26.85957105265029,23.92355894898319
MN-501,2012,ramsey county,0.0,0.0,1.0,217400.0,742.0,993.0,0.5055892645837005,5.0,0.0,0.39,5.5,51702.0,17.5,321393.5,0.1488887389574447,26.902645458446138,23.416232178286347
MN-501,2013,ramsey county,0.0,0.0,1.0,208100.0,750.0,996.0,0.5062933974531982,4.4,0.0,0.4,5.8,53925.0,16.8,273270.0,0.0467675784029839,28.160817039171697,26.902645458446138
MN-501,2014,ramsey county,0.0,0.0,1.0,198200.0,768.0,1000.0,0.4979978950679264,4.2,0.0,0.4,5.0,56734.0,16.1,275512.0,-0.0774874241126265,25.97870786589932,28.160817039171697
MN-501,2015,ramsey county,0.0,0.0,1.0,194000.0,779.0,1004.0,0.4988319427890346,3.8,0.0,0.41,4.1,55101.0,16.3,278003.0,-0.0416765627765056,24.896004616673665,25.97870786589932
MN-501,2016,ramsey county,0.0,0.0,1.0,193700.0,789.0,1005.0,0.4907245692707104,3.6,0.0,0.41,3.6,57384.0,15.1,280242.0,0.0540695738370597,26.242120976542683,24.896004616673665
MN-501,2017,ramsey county,0.0,0.0,1.0,199200.0,821.0,1026.0,0.4806865942242262,3.6,0.0,0.41,3.6,60369.0,13.9,282227.0,-0.0137600818440822,25.881027244143148,26.242120976542683
MN-501,2018,ramsey county,0.0,0.0,1.0,208700.0,858.0,1067.0,0.4815290981576278,3.6,0.33,0.41,3.3,61962.0,13.9,288172.0,0.108624659389293,28.69234501318321,25.881027244143148
NC-500,2012,forsyth county,0.0,0.0,1.0,150800.0,556.0,840.0,0.4759014333482418,15.7,0.0,0.34,5.5,42911.0,18.9,321393.5,-0.2974150650134896,10.90748020596866,15.524785207895304
NC-500,2013,forsyth county,0.0,0.0,1.0,151700.0,566.0,837.0,0.4865563493517331,14.1,0.0,0.35,9.1,42489.0,21.5,177910.0,0.2925147295777124,14.098078828791834,10.90748020596866
NC-500,2014,forsyth county,0.0,0.0,1.0,150600.0,575.0,830.0,0.4827463606376044,12.5,0.0,0.36,7.3,45580.0,20.8,177824.0,0.0975579150988015,15.47345800622732,14.098078828791834
NC-500,2015,forsyth county,0.0,0.0,1.0,150300.0,588.0,837.0,0.4879827424927934,11.3,0.0,0.37,5.8,45220.0,20.1,177329.0,-0.0536760275631325,14.642904247788088,15.47345800622732
NC-500,2016,forsyth county,0.0,0.0,1.0,151100.0,587.0,824.0,0.4879535826118991,10.2,0.0,0.38,5.4,46477.0,18.3,179552.0,-0.1779207630317753,12.037627551020408,14.642904247788088
NC-500,2017,forsyth county,0.0,0.0,1.0,151300.0,599.0,826.0,0.4774518112479489,9.2,0.0,0.38,4.9,48271.0,18.0,182081.0,-0.0358177420638816,11.606466912336884,12.037627551020408
NC-500,2018,forsyth county,0.0,0.0,1.0,151400.0,622.0,842.0,0.4726765423940378,10.2,0.32,0.38,4.4,50185.0,16.7,182173.0,0.0231921445718381,11.875645770936057,11.606466912336884
NC-501,2012,buncombe county,0.0,0.0,0.0,192200.0,637.0,812.0,0.4379397279549719,5.3,0.0,0.34,5.5,41422.0,18.3,321393.5,0.0038073705877201,22.992029429797668,22.90482228311996
NC-501,2013,buncombe county,0.0,0.0,0.0,191500.0,648.0,826.0,0.4507522967092351,5.6,0.0,0.35,7.4,43294.0,17.6,127452.0,-0.0799250150009912,21.15439113271786,22.992029429797668
NC-501,2014,buncombe county,0.0,0.0,0.0,191200.0,675.0,839.0,0.4450217901441501,5.7,0.0,0.35,5.8,46431.0,14.8,127980.0,0.0493245189963587,22.1978213,21.15439113271786
NC-501,2015,buncombe county,0.0,0.0,0.0,189500.0,694.0,850.0,0.4499386000818665,3.9,0.0,0.36,4.6,47671.0,12.6,127808.0,-0.1045977051887664,19.87598013182968,22.1978213
NC-501,2016,buncombe county,0.0,0.0,0.0,192400.0,698.0,846.0,0.467610249,4.1,0.0,0.37,4.3,44619.0,15.0,130295.0,0.0976151722194704,21.81617735542901,19.87598013182968
NC-501,2017,buncombe county,0.0,0.0,0.0,198100.0,727.0,861.0,0.4667249958987258,3.9,0.0,0.36,3.9,50685.0,13.1,133951.0,-0.0199264522553535,21.38145833896173,21.81617735542901
NC-501,2018,buncombe county,0.0,0.0,0.0,209800.0,770.0,894.0,0.460809152,3.8,0.34,0.36,3.4,50040.0,10.5,134657.0,0.0385620813583078,22.20597187498804,21.38145833896173
NC-502,2012,durham county,0.0,0.0,1.0,178400.0,686.0,985.0,0.4843501548246715,9.2,0.0,0.45,5.5,46231.0,20.4,321393.5,0.0470017293529989,26.13376461564625,24.960574450813724
NC-502,2013,durham county,0.0,0.0,1.0,179800.0,704.0,998.0,0.4903987279843444,8.0,0.0,0.45,7.6,51094.0,19.8,149901.0,0.0538834180811675,27.54194118046594,26.13376461564625
NC-502,2014,durham county,0.0,0.0,1.0,180600.0,718.0,1000.0,0.483527461,7.0,0.0,0.45,6.1,52488.0,16.6,150701.0,-0.0191586524491832,27.014274701613544,27.54194118046594
NC-502,2015,durham county,0.0,0.0,1.0,180200.0,728.0,1009.0,0.4815601467464762,6.3,0.0,0.46,5.0,50504.0,16.4,153026.0,-0.5720552092723258,11.560618133841912,27.014274701613544
NC-502,2016,durham county,0.0,0.0,1.0,183800.0,743.0,1003.0,0.4688651505564447,6.3,0.0,0.46,5.0,53495.0,17.3,156464.0,-0.0174175330509562,11.359260685406236,11.560618133841912
NC-502,2017,durham county,0.0,0.0,1.0,186800.0,771.0,1023.0,0.4604584269662921,5.8,0.0,0.47,4.5,53832.0,16.3,161608.0,-0.0605685555893449,10.671246673128348,11.359260685406236
NC-502,2018,durham county,0.0,0.0,1.0,195900.0,815.0,1061.0,0.4579512333830952,6.1,0.33,0.47,4.1,59891.0,16.1,162911.0,0.0522702109009673,11.229034987309014,10.671246673128348
NC-507,2012,wake county,0.0,1.0,0.0,227600.0,735.0,1159.0,0.4435131816022302,8.8,0.0,0.33,5.5,62141.0,11.6,321393.5,-0.0384847557486007,11.269756714896708,11.720829994402148
NC-507,2013,wake county,0.0,1.0,0.0,230400.0,749.0,1159.0,0.4490041,8.2,0.0,0.34,7.3,63791.0,11.6,506466.0,0.0395375579420347,11.715335374004573,11.269756714896708
NC-507,2014,wake county,0.0,1.0,0.0,229000.0,773.0,1150.0,0.442379857,7.6,0.0,0.35,5.8,65160.0,10.7,512481.0,-0.2465927737029614,8.826418329268364,11.715335374004573
NC-507,2015,wake county,0.0,1.0,0.0,229200.0,793.0,1154.0,0.44564791,6.8,0.0,0.35,4.8,66634.0,11.6,523736.0,-0.1146625883167945,7.814358358067656,8.826418329268364
NC-507,2016,wake county,0.0,1.0,0.0,234000.0,810.0,1142.0,0.4446605659149213,5.8,0.0,0.36,4.7,70533.0,11.2,539009.0,0.0550715764766593,8.244707392,7.814358358067656
NC-507,2017,wake county,0.0,1.0,0.0,241600.0,852.0,1154.0,0.4350572733069013,5.4,0.0,0.37,4.3,76097.0,9.1,554963.0,0.0915266640993952,8.999317956065385,8.244707392
NC-507,2018,wake county,0.0,1.0,0.0,250700.0,891.0,1182.0,0.4284620823887038,5.5,0.26,0.36,3.9,77318.0,8.9,565217.0,-0.0304935495720921,8.724896807857085,8.999317956065385
NC-511,2012,cumberland county,0.0,0.0,1.0,123400.0,639.0,914.0,0.4381776564131395,8.3,0.0,0.42,5.5,43577.0,18.7,321393.5,-0.609295160623901,19.363490460949272,49.560405987983295
NC-511,2013,cumberland county,0.0,0.0,1.0,126300.0,655.0,924.0,0.4392807904411764,8.4,0.0,0.44,10.8,45020.0,16.4,133635.0,0.0334160352639858,20.010541541026207,19.363490460949272
NC-511,2014,cumberland county,0.0,0.0,1.0,128700.0,664.0,920.0,0.4515958320407306,8.5,0.0,0.45,9.4,43609.0,17.5,130999.0,-0.084901080226461,18.31162494827661,20.010541541026207
NC-511,2015,cumberland county,0.0,0.0,1.0,128600.0,681.0,916.0,0.4611799597500264,8.8,0.0,0.46,7.8,42248.0,17.3,127501.0,-0.1402662943572344,15.743121173122365,18.31162494827661
NC-511,2016,cumberland county,0.0,0.0,1.0,129300.0,678.0,908.0,0.4711092003439381,8.8,0.0,0.47,7.2,42107.0,18.9,126103.0,-0.155733216614926,13.291394273273472,15.743121173122365
NC-511,2017,cumberland county,0.0,0.0,1.0,129000.0,687.0,904.0,0.4686651259299246,8.7,0.0,0.48,6.4,45205.0,19.0,126947.0,-0.1578240186218433,11.193693015978097,13.291394273273472
NC-511,2018,cumberland county,0.0,0.0,1.0,131200.0,693.0,910.0,0.4792100644611019,8.0,0.32,0.49,5.7,43759.0,18.6,125896.0,-0.1239713070210093,9.805996262395348,11.193693015978097
NC-513,2012,orange county,0.0,0.0,1.0,270300.0,720.0,1021.0,0.4960956805377088,8.1,0.01,0.4,5.5,56482.0,18.3,321393.5,0.0989734252580523,8.763679890560875,7.974423847876991
NC-513,2013,orange county,0.0,0.0,1.0,272900.0,732.0,1033.0,0.5022239601153526,8.5,0.01,0.4,6.3,51095.0,17.4,72628.0,-0.1223764247386535,7.691212078,8.763679890560875
NC-513,2014,orange county,0.0,0.0,1.0,272600.0,744.0,1056.0,0.4965262379896526,7.9,0.01,0.39,5.2,59409.0,16.0,72832.0,0.1865521236754053,9.126024024788828,7.691212078
NC-513,2015,orange county,0.0,0.0,1.0,272700.0,783.0,1089.0,0.4852169649423878,7.1,0.01,0.4,4.5,59658.0,14.1,72720.0,-0.3817780801721535,5.641908093,9.126024024788828
NC-513,2016,orange county,0.0,0.0,1.0,272600.0,796.0,1083.0,0.4643048323519392,5.8,0.01,0.4,4.6,61164.0,14.7,73308.0,0.5530000828767547,8.761883736012033,5.641908093
NC-513,2017,orange county,0.0,0.0,1.0,281700.0,838.0,1111.0,0.4629795714997509,5.9,0.01,0.39,4.2,66423.0,12.8,74699.0,0.1879904207122951,10.40903394577715,8.761883736012033
NC-513,2018,orange county,0.0,0.0,1.0,283000.0,881.0,1144.0,0.4497739829231542,5.1,0.28,0.38,3.8,69940.0,14.1,75573.0,-0.152373332354972,8.822974756863061,10.40903394577715
NJ-500,2012,atlantic county,0.0,0.0,0.0,256600.0,861.0,1310.0,0.5506924835283045,9.4,0.0,0.29,5.5,50829.0,13.4,321393.5,0.1803647063431575,27.04250676062669,22.91029765232988
NJ-500,2013,atlantic county,0.0,0.0,0.0,248100.0,881.0,1312.0,0.5598254412818342,9.3,0.0,0.3,12.8,51191.0,14.6,139916.0,-0.2690472228676275,19.766795417301037,27.04250676062669
NJ-500,2014,atlantic county,0.0,0.0,0.0,237400.0,887.0,1308.0,0.5599962706280884,9.2,0.0,0.32,11.9,52127.0,18.0,136717.0,0.0109897400217351,19.98402736,19.766795417301037
NJ-500,2015,atlantic county,0.0,0.0,0.0,230200.0,893.0,1319.0,0.5698595772019457,7.7,0.0,0.32,10.5,55313.0,15.5,131389.0,-0.1210400849591321,17.56515899051998,19.98402736
NJ-500,2016,atlantic county,0.0,0.0,0.0,225600.0,893.0,1318.0,0.5707530335474661,7.0,0.0,0.33,9.5,54052.0,14.3,125948.0,-0.1099210740691181,15.634377848087198,17.56515899051998
NJ-500,2017,atlantic county,0.0,0.0,0.0,222200.0,908.0,1322.0,0.5842294983478522,7.2,0.0,0.33,7.4,56778.0,14.4,122552.0,0.0530584137609724,16.46391313684639,15.634377848087198
NJ-500,2018,atlantic county,0.0,0.0,0.0,219000.0,918.0,1355.0,0.577754076,6.8,0.28,0.33,7.1,61777.0,14.8,122393.0,-0.1776164193175734,13.539651837524175,16.46391313684639
NJ-501,2012,bergen county,0.0,0.0,0.0,474200.0,1172.0,1747.0,0.4721701403041584,4.7,0.0,0.33,5.5,79272.0,6.4,321393.5,-0.2431895467513138,3.7392146352428544,4.940754477150644
NJ-501,2013,bergen county,0.0,0.0,0.0,461400.0,1191.0,1776.0,0.4714261698946232,4.6,0.0,0.34,7.7,82729.0,8.1,484198.0,0.0627856871645382,3.973983795572275,3.7392146352428544
NJ-501,2014,bergen county,0.0,0.0,0.0,451400.0,1199.0,1791.0,0.4812051575335344,4.4,0.0,0.34,6.8,81670.0,8.2,479782.0,-0.0883759548488786,3.622779183084605,3.973983795572275
NJ-501,2015,bergen county,0.0,0.0,0.0,443500.0,1209.0,1780.0,0.4835544955556119,4.0,0.0,0.35,5.4,84677.0,7.7,478861.0,-0.1300096764493237,3.1517828336444302,3.622779183084605
NJ-501,2016,bergen county,0.0,0.0,0.0,441100.0,1220.0,1775.0,0.47512834,3.8,0.0,0.35,4.6,89023.0,7.1,480417.0,0.0103139843005997,3.1842902723095383,3.1517828336444302
NJ-501,2017,bergen county,0.0,0.0,0.0,443400.0,1251.0,1794.0,0.4696037907047081,3.5,0.0,0.35,4.1,93683.0,6.9,481085.0,0.1868444433861273,3.779257215819074,3.1842902723095383
NJ-501,2018,bergen county,0.0,0.0,0.0,451200.0,1293.0,1824.0,0.465132398,3.6,0.24,0.35,3.8,94107.0,6.6,493155.0,-0.2307760289145641,2.907095243305636,3.779257215819074
NJ-502,2012,burlington county,0.0,0.0,0.0,266200.0,962.0,1569.0,0.500167701,5.8,0.0,0.22,5.5,72896.0,5.2,321393.5,-0.1837895588491704,14.88339492234461,18.23475193647305
NJ-502,2013,burlington county,0.0,0.0,0.0,259800.0,985.0,1576.0,0.4950903968709827,5.9,0.0,0.22,8.7,74693.0,6.3,234806.0,0.5238914511127923,22.680678285696494,14.88339492234461
NJ-502,2014,burlington county,0.0,0.0,0.0,252500.0,1014.0,1575.0,0.4985125139878272,5.9,0.0,0.22,7.9,77398.0,5.7,231183.0,0.3191099189139259,29.918307694357942,22.680678285696494
NJ-502,2015,burlington county,0.0,0.0,0.0,247800.0,1047.0,1570.0,0.5053118528280574,5.9,0.0,0.23,6.4,80896.0,7.1,228086.0,-0.3111050365003097,20.610571487077216,29.918307694357942
NJ-502,2016,burlington county,0.0,0.0,0.0,245000.0,1058.0,1541.0,0.503973783,5.3,0.0,0.24,5.3,74800.0,7.9,229501.0,-0.3467318152626596,13.46423062176212,20.610571487077216
NJ-502,2017,burlington county,0.0,0.0,0.0,245000.0,1083.0,1537.0,0.4865621069384193,5.2,0.0,0.24,4.4,80254.0,5.8,230266.0,0.400758068965386,18.860129685844125,13.46423062176212
NJ-502,2018,burlington county,0.0,0.0,0.0,245300.0,1121.0,1556.0,0.4786469997683218,5.0,0.25,0.24,4.0,87673.0,6.3,237560.0,-0.3832848694694124,11.63132734102917,18.860129685844125
NJ-503,2011,camden county,0.0,0.0,0.0,236900.0,815.0,1206.0,0.5064842234248953,7.8,0.0,0.19,5.5,70514.0,6.3,321393.5,-0.5206718066335712,23.65935206478963,49.35940007748077
NJ-503,2011,gloucester county,0.0,0.0,0.0,224800.0,793.0,1301.0,0.5268390668782282,4.2,0.0,0.31,5.5,57784.0,13.5,321393.5,0.7733557561484323,41.956448170836985,23.65935206478963
NJ-503,2012,camden county,0.0,0.0,0.0,236100.0,847.0,1512.0,0.5149916165302298,7.0,0.0,0.2,5.5,71850.0,7.3,321393.5,-0.4000241366954787,25.17285621248932,41.956448170836985
NJ-503,2012,gloucester county,0.0,0.0,0.0,218700.0,819.0,1326.0,0.5376336773381846,4.4,0.0,0.31,10.8,59280.0,12.7,261173.0,0.7668475358723927,44.47659896990681,25.17285621248932
NJ-503,2013,camden county,0.0,0.0,0.0,232400.0,880.0,1527.0,0.5335617118458942,6.3,0.0,0.19,10.2,72930.0,8.7,151184.0,-0.2542642944337565,33.16778791401031,44.47659896990681
NJ-503,2013,gloucester county,0.0,0.0,0.0,210700.0,835.0,1322.0,0.5399774869373835,3.7,0.0,0.32,9.6,58006.0,15.0,256195.0,0.7564400878498441,58.25723231746927,33.16778791401031
NJ-503,2014,camden county,0.0,0.0,0.0,224700.0,893.0,1503.0,0.525647883,6.5,0.0,0.2,9.2,71355.0,9.8,149195.0,-0.6341335572464472,21.3143663526598,58.25723231746927
NJ-503,2014,gloucester county,0.0,0.0,0.0,202900.0,843.0,1324.0,0.5425813714777656,4.1,0.0,0.32,7.7,62330.0,13.1,251204.0,0.7528638426782024,37.36118210917424,21.3143663526598
NJ-503,2015,camden county,0.0,0.0,0.0,219000.0,895.0,1502.0,0.5200038147918554,7.1,0.0,0.2,7.3,79704.0,8.0,147162.0,-0.4396585458444267,20.93501911202588,37.36118210917424
NJ-503,2015,gloucester county,0.0,0.0,0.0,196800.0,837.0,1304.0,0.5337505587840858,4.6,0.0,0.32,6.4,65025.0,13.2,251923.0,0.7451168200321554,36.534053980091,20.93501911202588
NJ-503,2016,camden county,0.0,0.0,0.0,214500.0,914.0,1487.0,0.536150235,7.6,0.0,0.2,6.0,77565.0,7.2,147894.0,-0.4972837112000428,18.366264031688655,36.534053980091
NJ-503,2016,gloucester county,0.0,0.0,0.0,193500.0,847.0,1305.0,0.5266497253873268,5.1,0.0,0.33,5.5,66362.0,11.8,252694.0,0.7478046309795148,32.100641328377925,18.366264031688655
NJ-503,2017,camden county,0.0,0.0,0.0,213200.0,935.0,1482.0,0.5229680344173567,6.8,0.0,0.21,5.0,79879.0,7.6,148964.0,-0.3862704838157523,19.701111071669448,32.100641328377925
NJ-503,2017,gloucester county,0.0,0.0,0.0,193500.0,866.0,1319.0,0.5164344235855751,4.6,0.28,0.33,5.0,66196.0,11.5,261271.0,0.7400963597430408,34.28183165870532,19.701111071669448
NJ-503,2018,camden county,0.0,0.0,0.0,213800.0,959.0,1501.0,0.5244866457738903,6.3,0.23,0.2,4.6,86496.0,6.2,153908.0,-0.4361493431884431,19.32983329746422,34.28183165870532
NJ-503,2018,gloucester county,0.0,0.0,0.0,195800.0,891.0,1346.0,0.5200263166340383,5.3,0.28,0.33,4.5,67523.0,13.3,259031.0,0.7366545967265934,33.56924385,19.32983329746422
NJ-504,2012,essex county,0.0,0.0,0.0,389800.0,885.0,1333.0,0.5139580781271267,9.4,0.0,0.53,5.5,51009.0,17.6,321393.5,0.0918908081759535,20.84692203935078,19.092497054880774
NJ-504,2013,essex county,0.0,0.0,0.0,376900.0,903.0,1347.0,0.52657765,9.3,0.0,0.54,10.8,51009.0,17.5,383758.0,-0.1060004556956796,18.63713880332729,20.84692203935078
NJ-504,2014,essex county,0.0,0.0,0.0,364800.0,917.0,1363.0,0.5315889470350988,9.6,0.0,0.54,9.9,53610.0,17.8,379043.0,0.0833078437591612,20.18975865087268,18.63713880332729
NJ-504,2015,essex county,0.0,0.0,0.0,358100.0,927.0,1365.0,0.5356732517907205,9.3,0.0,0.55,8.0,54754.0,16.8,374663.0,0.1056899552134154,22.32361333845308,20.18975865087268
NJ-504,2016,essex county,0.0,0.0,0.0,356600.0,931.0,1357.0,0.54089135,9.0,0.0,0.55,6.8,52041.0,17.1,372205.0,0.1350132759281175,25.33759750583025,22.32361333845308
NJ-504,2017,essex county,0.0,0.0,0.0,356300.0,942.0,1363.0,0.5368677167370982,8.3,0.0,0.56,6.0,54277.0,16.4,370183.0,0.0994773150531653,27.85811367560802,25.33759750583025
NJ-504,2018,essex county,0.0,0.0,0.0,362300.0,969.0,1397.0,0.5329924425148738,7.7,0.3,0.55,5.5,60430.0,15.8,381339.0,0.0041362157068054,27.97334084295504,27.85811367560802
NJ-506,2012,hudson county,0.0,0.0,0.0,374000.0,975.0,1294.0,0.4502326987385776,7.1,0.0,0.66,5.5,56546.0,16.2,321393.5,-0.5540894930335751,14.266631530164384,31.99438296985139
NJ-506,2013,hudson county,0.0,0.0,0.0,360400.0,1017.0,1322.0,0.4485592907277428,6.8,0.0,0.67,8.9,57539.0,16.6,360326.0,-0.1399554530889765,12.269938650306749,14.266631530164384
NJ-506,2014,hudson county,0.0,0.0,0.0,347200.0,1044.0,1339.0,0.4576399072659896,6.7,0.0,0.67,8.0,56079.0,19.7,358402.0,0.1074616647600308,13.588486684172157,12.269938650306749
NJ-506,2015,hudson county,0.0,0.0,0.0,337900.0,1066.0,1350.0,0.4612641776514224,6.3,0.0,0.68,6.3,58479.0,17.8,358235.0,-0.1001613707897198,12.227445230927618,13.588486684172157
NJ-506,2016,hudson county,0.0,0.0,0.0,335300.0,1084.0,1364.0,0.4592262165077699,5.3,0.0,0.69,5.3,60530.0,17.9,359627.0,-0.0280272138903204,11.88474400810823,12.227445230927618
NJ-506,2017,hudson county,0.0,0.0,0.0,341300.0,1118.0,1388.0,0.4590895003271462,5.0,0.0,0.69,4.6,63808.0,15.6,360852.0,0.0703424158326948,12.720745613191708,11.88474400810823
NJ-506,2018,hudson county,0.0,0.0,0.0,349500.0,1147.0,1424.0,0.458149576,5.1,0.28,0.69,4.3,67154.0,14.0,373664.0,0.0405322546789206,13.236346114091356,12.720745613191708
NJ-507,2012,middlesex county,0.0,0.0,0.0,349000.0,1103.0,1560.0,0.4471735480260042,5.1,0.0,0.33,5.5,74522.0,8.5,321393.5,-0.1059484623344158,12.437885969557945,13.91182213279776
NJ-507,2013,middlesex county,0.0,0.0,0.0,340000.0,1131.0,1580.0,0.4479117684777497,5.1,0.0,0.33,8.7,77478.0,9.9,429328.0,-0.2289771330373542,9.589894499203034,12.437885969557945
NJ-507,2014,middlesex county,0.0,0.0,0.0,330000.0,1144.0,1578.0,0.4600195565088477,5.1,0.0,0.34,7.7,76848.0,9.5,429073.0,-0.2510052790886361,7.182780354,9.589894499203034
NJ-507,2015,middlesex county,0.0,0.0,0.0,325000.0,1166.0,1574.0,0.463439941,4.7,0.0,0.35,6.1,77682.0,8.2,431888.0,-0.2399182936183089,5.459499948033207,7.182780354
NJ-507,2016,middlesex county,0.0,0.0,0.0,323300.0,1176.0,1553.0,0.4667381335239116,4.6,0.0,0.36,5.1,78643.0,8.5,435590.0,0.1866326130316062,6.478420689180563,5.459499948033207
NJ-507,2017,middlesex county,0.0,0.0,0.0,324500.0,1204.0,1567.0,0.4602234473337561,4.0,0.0,0.36,4.4,82375.0,8.6,437399.0,0.1106876586475797,7.195501907,6.478420689180563
NJ-507,2018,middlesex county,0.0,0.0,0.0,329000.0,1243.0,1598.0,0.4635369276933501,3.8,0.23,0.36,4.0,85337.0,8.6,452028.0,0.0443450477385951,7.514586782569068,7.195501907
NJ-508,2012,monmouth county,0.0,0.0,0.0,413500.0,1044.0,1823.0,0.5297569597878922,5.9,0.0,0.24,5.5,79334.0,6.6,321393.5,0.4116617296233351,14.579018917785769,10.327558374537643
NJ-508,2013,monmouth county,0.0,0.0,0.0,399000.0,1077.0,1841.0,0.5450639260597345,5.8,0.0,0.24,8.8,81308.0,7.2,329833.0,-0.3590771021098147,9.344027053183089,14.579018917785769
NJ-508,2014,monmouth county,0.0,0.0,0.0,389900.0,1088.0,1813.0,0.5459533134348958,5.4,0.0,0.25,7.7,83749.0,7.7,326499.0,-0.2237941106633599,7.252888828801603,9.344027053183089
NJ-508,2015,monmouth county,0.0,0.0,0.0,386900.0,1115.0,1796.0,0.5459044455366676,5.6,0.0,0.25,6.1,88413.0,8.2,325472.0,-0.2421557828446221,5.496559856578136,7.252888828801603
NJ-508,2016,monmouth county,0.0,0.0,0.0,385100.0,1119.0,1765.0,0.5401074890752926,5.2,0.0,0.26,5.1,87092.0,7.4,326151.0,-0.1315147409916863,4.773681210694962,5.496559856578136
NJ-508,2017,monmouth county,0.0,0.0,0.0,387500.0,1160.0,1772.0,0.5392270610343982,4.4,0.0,0.26,4.4,90226.0,6.9,327405.0,0.1294117336136231,5.391451571889776,4.773681210694962
NJ-508,2018,monmouth county,0.0,0.0,0.0,396200.0,1186.0,1789.0,0.5270838120875874,4.2,0.26,0.26,4.0,98270.0,7.2,335907.0,0.076073519467126,5.801598268,5.391451571889776
NJ-509,2012,morris county,0.0,0.0,0.0,463200.0,1169.0,1993.0,0.4290399106893665,5.8,0.0,0.24,5.5,91332.0,4.8,321393.5,0.2278698074290406,6.9283555968498005,5.642581611609661
NJ-509,2013,morris county,0.0,0.0,0.0,446800.0,1196.0,1999.0,0.4375144215238359,6.2,0.0,0.24,7.1,95294.0,4.3,267164.0,0.1235350281600575,7.784250200609533,6.9283555968498005
NJ-509,2014,morris county,0.0,0.0,0.0,432400.0,1210.0,1981.0,0.4381009476815237,6.2,0.0,0.24,6.3,100176.0,4.3,264216.0,-0.0124226514859184,7.687549173288169,7.784250200609533
NJ-509,2015,morris county,0.0,0.0,0.0,426700.0,1227.0,1974.0,0.4298389298389298,5.7,0.0,0.24,5.0,100579.0,4.7,261190.0,0.0700347332988244,8.225944629361004,7.687549173288169
NJ-509,2016,morris county,0.0,0.0,0.0,423400.0,1235.0,1947.0,0.4231932095585765,5.1,0.0,0.25,4.3,101661.0,4.9,260137.0,-0.0803919752876302,7.564644692,8.225944629361004
NJ-509,2017,morris county,0.0,0.0,0.0,428900.0,1277.0,1944.0,0.4140876817310943,5.5,0.0,0.25,3.9,106985.0,5.4,259565.0,0.0645527632139615,8.052963409600427,7.564644692
NJ-509,2018,morris county,0.0,0.0,0.0,438100.0,1306.0,1974.0,0.410844258,6.0,0.24,0.25,3.5,114732.0,4.8,264573.0,-0.0204023400557564,7.888664111661194,8.052963409600427
NJ-510,2012,ocean county,0.0,0.0,0.0,284100.0,1094.0,1405.0,0.5940220761503162,6.0,0.0,0.18,5.5,56929.0,11.5,321393.5,0.0455447139232403,11.68981203742111,11.1805950350578
NJ-510,2013,ocean county,0.0,0.0,0.0,275400.0,1117.0,1426.0,0.6029281930547381,5.5,0.0,0.18,10.7,59312.0,11.0,267419.0,-0.0851721489969012,10.694165624824109,11.68981203742111
NJ-510,2014,ocean county,0.0,0.0,0.0,268100.0,1114.0,1421.0,0.6050150693188668,4.8,0.0,0.19,9.5,60227.0,10.2,265197.0,-0.0390540933859683,10.276514681827216,10.694165624824109
NJ-510,2015,ocean county,0.0,0.0,0.0,264100.0,1139.0,1408.0,0.594784065,3.8,0.0,0.19,7.4,63653.0,12.0,264431.0,-0.2954281471709439,7.24054299,10.276514681827216
NJ-510,2016,ocean county,0.0,0.0,0.0,262700.0,1133.0,1384.0,0.5869764457886536,3.5,0.0,0.2,6.1,63765.0,10.9,265360.0,-0.4826111135326362,3.746176475015177,7.24054299
NJ-510,2017,ocean county,0.0,0.0,0.0,264200.0,1149.0,1383.0,0.5758596522957973,3.0,0.0,0.2,5.2,62222.0,11.2,268639.0,0.5706173364150122,5.883809716928917,3.746176475015177
NJ-510,2018,ocean county,0.0,0.0,0.0,267900.0,1188.0,1402.0,0.5685403343430944,3.1,0.29,0.2,4.7,71081.0,10.4,277606.0,-0.1462721072393215,5.023172471038529,5.883809716928917
NJ-513,2012,somerset county,0.0,0.0,0.0,420500.0,1204.0,2052.0,0.4585495506897861,13.5,0.0,0.21,5.5,96360.0,4.6,321393.5,0.0484196504760101,9.437814782884884,9.00194381
NJ-513,2013,somerset county,0.0,0.0,0.0,407300.0,1210.0,2039.0,0.4772036474164133,12.8,0.0,0.21,7.5,95825.0,6.3,175718.0,0.0290834968626432,9.712299439513124,9.437814782884884
NJ-513,2014,somerset county,0.0,0.0,0.0,398800.0,1217.0,2011.0,0.4632872624469923,11.4,0.0,0.22,6.5,97219.0,5.3,174177.0,0.0553771977240247,10.250139365929977,9.712299439513124
NJ-513,2015,somerset county,0.0,0.0,0.0,396500.0,1260.0,1962.0,0.4429540489786532,10.9,0.0,0.23,5.2,100301.0,4.1,173073.0,-0.3627583585136246,6.531815635009334,10.250139365929977
NJ-513,2016,somerset county,0.0,0.0,0.0,399000.0,1252.0,1888.0,0.4342916922188954,9.7,0.0,0.24,4.5,98440.0,5.2,173052.0,0.1136569114980523,7.274201626559184,6.531815635009334
NJ-513,2017,somerset county,0.0,0.0,0.0,404100.0,1299.0,1872.0,0.4338451718146033,8.4,0.0,0.24,4.0,104478.0,5.0,173010.0,-0.095042800842968,6.5828411300745255,7.274201626559184
NJ-513,2018,somerset county,0.0,0.0,0.0,412800.0,1364.0,1922.0,0.4363616730257001,7.9,0.24,0.24,3.7,112153.0,5.2,176878.0,0.3900945969306579,9.150771887369505,6.5828411300745255
NJ-514,2012,mercer county,0.0,0.0,0.0,302100.0,916.0,1447.0,0.4887745667480619,8.7,0.0,0.32,5.5,73890.0,11.4,321393.5,-0.3417313688217597,18.033875609453204,27.39592129306576
NJ-514,2013,mercer county,0.0,0.0,0.0,293100.0,939.0,1477.0,0.4923763736263736,8.4,0.0,0.34,8.3,67991.0,10.5,194723.0,-0.0567519012580832,17.01041888156496,18.033875609453204
NJ-514,2014,mercer county,0.0,0.0,0.0,286900.0,959.0,1487.0,0.4956731736767961,7.9,0.0,0.34,7.4,70857.0,11.8,194040.0,-0.0502775997716734,16.15517584908912,17.01041888156496
NJ-514,2015,mercer county,0.0,0.0,0.0,280400.0,978.0,1493.0,0.4999563794983642,7.4,0.0,0.35,5.8,74961.0,11.9,195380.0,-0.2242166927656776,12.532915749158407,16.15517584908912
NJ-514,2016,mercer county,0.0,0.0,0.0,276500.0,976.0,1473.0,0.5007634244424851,7.3,0.0,0.36,4.9,72417.0,11.2,197825.0,0.0177798219572478,12.755748759783632,12.532915749158407
NJ-514,2017,mercer county,0.0,0.0,0.0,277400.0,990.0,1481.0,0.50190464,6.6,0.0,0.36,4.3,77650.0,11.1,199051.0,0.0154293956941411,12.952562254773383,12.755748759783632
NJ-514,2018,mercer county,0.0,0.0,0.0,281900.0,1038.0,1505.0,0.4986194400103542,6.1,0.27,0.36,4.0,79173.0,11.7,204296.0,-0.0586574000972845,12.192798628310154,12.952562254773383
NJ-515,2012,union county,0.0,0.0,0.0,386000.0,969.0,1523.0,0.5105668769318993,7.0,0.0,0.39,5.5,66398.0,10.7,321393.5,0.1230321216750913,30.05895056324053,26.765886730296923
NJ-515,2013,union county,0.0,0.0,0.0,373700.0,991.0,1549.0,0.5271064115474992,7.0,0.0,0.39,9.5,65876.0,10.9,282805.0,0.0101820778804986,30.365013138881505,30.05895056324053
NJ-515,2014,union county,0.0,0.0,0.0,362300.0,1010.0,1547.0,0.5291812913231573,6.3,0.0,0.4,8.5,64593.0,11.5,280666.0,-0.7013589800365214,9.068238495,30.365013138881505
NJ-515,2015,union county,0.0,0.0,0.0,353300.0,1027.0,1561.0,0.5300964371818913,6.0,0.0,0.4,6.9,69032.0,11.1,278482.0,0.0181429188359696,9.23276281,9.068238495
NJ-515,2016,union county,0.0,0.0,0.0,345500.0,1033.0,1543.0,0.5326122625782654,5.0,0.0,0.41,6.0,71163.0,10.6,278129.0,-0.0780367175167335,8.512268306697027,9.23276281
NJ-515,2017,union county,0.0,0.0,0.0,347500.0,1047.0,1551.0,0.5304642731844229,4.5,0.0,0.41,5.1,72028.0,10.6,276832.0,0.0062276572526236,8.565279796153508,8.512268306697027
NJ-515,2018,union county,0.0,0.0,0.0,351800.0,1081.0,1582.0,0.5195194027529357,4.0,0.25,0.41,4.6,77326.0,9.0,285325.0,-0.0829377513936904,7.854894749802729,8.565279796153508
NV-500,2012,clark county,0.0,1.0,0.0,226200.0,888.0,1247.0,0.4954357038956391,11.4,0.0,0.43,5.5,48215.0,16.9,321393.5,-0.1980838028171574,29.35102284764097,36.60110988
NV-500,2013,clark county,0.0,1.0,0.0,186700.0,879.0,1206.0,0.495932881,11.7,0.0,0.44,11.7,49546.0,16.4,992000.0,0.2252405616552002,35.96206371899824,29.35102284764097
NV-500,2014,clark county,0.0,1.0,0.0,165000.0,865.0,1155.0,0.4954800932423993,11.6,0.0,0.46,10.0,51057.0,16.1,998095.0,-0.0126571374253751,35.50688693640678,35.96206371899824
NV-500,2015,clark county,0.0,1.0,0.0,163100.0,854.0,1112.0,0.4880114851461556,10.9,0.0,0.47,8.2,51214.0,15.2,1010053.0,-0.1889305526206272,28.798551165673317,35.50688693640678
NV-500,2016,clark county,0.0,1.0,0.0,170400.0,848.0,1076.0,0.4852668877771997,10.4,0.0,0.47,6.9,51552.0,15.1,1027290.0,0.0224613513324636,29.445405541271437,28.798551165673317
NV-500,2017,clark county,0.0,1.0,0.0,186700.0,860.0,1073.0,0.4811645298536791,9.9,0.0,0.48,5.9,54384.0,14.2,1040292.0,-0.0742903798807924,27.25789517786639,29.445405541271437
NV-500,2018,clark county,0.0,1.0,0.0,212300.0,883.0,1094.0,0.4751182128084318,9.2,0.28,0.47,5.2,57189.0,13.8,1060593.0,-0.1049734968886693,24.39653860322096,27.25789517786639
NV-501,2012,washoe county,0.0,0.0,1.0,257400.0,790.0,1198.0,0.4951224766125061,9.9,0.0,0.4,5.5,50733.0,13.1,321393.5,-0.1491086390537719,17.199600674150567,20.21362710161244
NV-501,2013,washoe county,0.0,0.0,1.0,226800.0,790.0,1153.0,0.5182459963284131,9.9,0.0,0.41,11.5,49026.0,18.3,219463.0,0.015963996121721,17.474175032607857,17.199600674150567
NV-501,2014,washoe county,0.0,0.0,1.0,203300.0,783.0,1098.0,0.510116323,9.3,0.0,0.42,9.8,53588.0,15.1,219924.0,0.1614414879864123,20.295231851207085,17.474175032607857
NV-501,2015,washoe county,0.0,0.0,1.0,201100.0,778.0,1060.0,0.4965182737445221,8.3,0.0,0.43,7.8,52618.0,15.6,220570.0,0.07427114306222,21.802581919509013,20.295231851207085
NV-501,2016,washoe county,0.0,0.0,1.0,213100.0,775.0,1029.0,0.4806678260869565,7.7,0.0,0.43,6.3,56382.0,13.7,223392.0,0.1013757858117059,24.01283579432333,21.802581919509013
NV-501,2017,washoe county,0.0,0.0,1.0,236900.0,799.0,1033.0,0.4713678728070175,6.6,0.0,0.43,5.1,58175.0,12.2,227991.0,0.0658446949950255,25.59395364316618,24.01283579432333
NV-501,2018,washoe county,0.0,0.0,1.0,268100.0,830.0,1060.0,0.4544711237088114,5.6,0.29,0.42,4.1,61498.0,10.8,236461.0,0.0407659204406789,26.637314721145916,25.59395364316618
NY-500,2012,monroe county,0.0,0.0,0.0,132800.0,668.0,947.0,0.5321877198271531,8.6,0.0,0.34,5.5,50204.0,16.7,321393.5,0.4371835955847887,13.433723849595651,9.347256600246318
NY-500,2013,monroe county,0.0,0.0,0.0,134200.0,680.0,955.0,0.5311630026650287,7.3,0.0,0.34,8.0,50733.0,15.0,375735.0,-0.1681037777055188,11.175464121825897,13.433723849595651
NY-500,2014,monroe county,0.0,0.0,0.0,136000.0,695.0,954.0,0.5330860033726813,6.5,0.0,0.35,7.2,51665.0,15.8,374202.0,-0.0903803683364622,10.165421558164354,11.175464121825897
NY-500,2015,monroe county,0.0,0.0,0.0,136600.0,705.0,953.0,0.5348299550824747,6.4,0.0,0.35,5.8,51217.0,14.2,364023.0,0.1314360045094427,11.50152395192363,10.165421558164354
NY-500,2016,monroe county,0.0,0.0,0.0,138600.0,711.0,950.0,0.5337124667249948,6.1,0.0,0.36,5.1,54077.0,14.9,364827.0,-0.0498919937617202,10.92768999066398,11.50152395192363
NY-500,2017,monroe county,0.0,0.0,0.0,140200.0,729.0,957.0,0.5244884050763479,6.3,0.0,0.36,4.8,54492.0,14.9,363421.0,0.029145689638514,11.246185051597768,10.92768999066398
NY-500,2018,monroe county,0.0,0.0,0.0,142300.0,758.0,978.0,0.5205721381594076,6.6,0.32,0.36,4.9,57561.0,14.8,368701.0,0.0177314610570169,11.44559634388018,11.246185051597768
NY-601,2012,dutchess county,0.0,0.0,0.0,314500.0,928.0,1398.0,0.5003454990891387,7.6,0.0,0.3,5.5,67727.0,9.9,321393.5,-0.1224219561343741,13.370785003165878,15.236006753620654
NY-601,2013,dutchess county,0.0,0.0,0.0,299400.0,942.0,1436.0,0.496174328,6.6,0.0,0.3,7.9,66754.0,9.4,146160.0,0.0162668141237072,13.58828507750043,13.370785003165878
NY-601,2014,dutchess county,0.0,0.0,0.0,289400.0,962.0,1451.0,0.5042388387411564,6.7,0.0,0.3,6.8,70056.0,9.1,145403.0,-0.0668832377978405,12.67945657539712,13.58828507750043
NY-601,2015,dutchess county,0.0,0.0,0.0,282100.0,981.0,1479.0,0.5066776940513386,7.3,0.0,0.31,5.4,71165.0,9.7,142064.0,0.0311328146666531,13.074203747032834,12.67945657539712
NY-601,2016,dutchess county,0.0,0.0,0.0,275600.0,980.0,1462.0,0.5117721825444861,6.6,0.0,0.31,4.5,71864.0,10.3,142997.0,0.0040586085272926,13.127266821848105,13.074203747032834
NY-601,2017,dutchess county,0.0,0.0,0.0,274300.0,980.0,1445.0,0.5057708408085158,5.1,0.0,0.31,4.2,74115.0,9.0,143108.0,0.0348276413248049,13.584458562294444,13.127266821848105
NY-601,2018,dutchess county,0.0,0.0,0.0,275200.0,1032.0,1464.0,0.5142814009661836,5.3,0.27,0.31,4.3,77915.0,10.4,145985.0,0.3335694462553138,18.115818882597257,13.584458562294444
NY-602,2012,orange county,0.0,0.0,0.0,299500.0,917.0,1503.0,0.5170676202860858,4.4,0.0,0.3,5.5,66224.0,14.0,321393.5,-0.0882865267295639,12.220707576306204,13.404109881659332
NY-602,2013,orange county,0.0,0.0,0.0,288800.0,948.0,1552.0,0.5279031109000237,4.4,0.0,0.3,8.0,66458.0,12.4,179353.0,-0.0840251171293546,11.193861190803483,12.220707576306204
NY-602,2014,orange county,0.0,0.0,0.0,276900.0,955.0,1543.0,0.5428453010050772,4.2,0.0,0.31,7.0,68950.0,13.4,178723.0,0.1709524045149002,13.107478677177363,11.193861190803483
NY-602,2015,orange county,0.0,0.0,0.0,268500.0,981.0,1525.0,0.550297415,4.8,0.0,0.3,5.5,70240.0,13.3,175195.0,-0.3099267722716471,9.045120118140344,13.107478677177363
NY-602,2016,orange county,0.0,0.0,0.0,262500.0,984.0,1498.0,0.5444660492247864,5.0,0.0,0.31,4.7,73031.0,11.7,177655.0,0.0123565105161516,9.15688624,9.045120118140344
NY-602,2017,orange county,0.0,0.0,0.0,258700.0,985.0,1490.0,0.5503037301069331,4.8,0.0,0.32,4.4,73025.0,12.5,178963.0,0.3724159830640954,12.567057030875688,9.15688624
NY-602,2018,orange county,0.0,0.0,0.0,260300.0,1016.0,1516.0,0.5429007023068656,4.7,0.25,0.32,4.5,79311.0,10.1,184071.0,0.2175552196446202,15.301085883514316,12.567057030875688
NY-604,2012,westchester county,0.0,0.0,0.0,547000.0,1148.0,1708.0,0.5201345096573969,5.3,0.0,0.38,5.5,77006.0,9.9,321393.5,0.1710965715870704,21.20144260643557,18.103923383281167
NY-604,2013,westchester county,0.0,0.0,0.0,533300.0,1179.0,1745.0,0.5293933230359846,5.8,0.0,0.38,7.4,77293.0,10.1,476735.0,0.0367948739939683,21.98154701562972,21.20144260643557
NY-604,2014,westchester county,0.0,0.0,0.0,518400.0,1195.0,1767.0,0.5375708866652928,6.0,0.0,0.38,6.4,84220.0,9.7,476999.0,-0.1627332750263407,18.40441787963081,21.98154701562972
NY-604,2015,westchester county,0.0,0.0,0.0,509200.0,1221.0,1790.0,0.5301466428123615,6.0,0.0,0.38,5.2,83477.0,10.2,470006.0,-0.0243020277103769,17.957153206326666,18.40441787963081
NY-604,2016,westchester county,0.0,0.0,0.0,506900.0,1233.0,1782.0,0.5270788556325995,6.5,0.0,0.39,4.6,86108.0,10.0,477632.0,0.0407676595972896,18.68922431557857,17.957153206326666
NY-604,2017,westchester county,0.0,0.0,0.0,507300.0,1266.0,1809.0,0.5190500766556869,6.3,0.0,0.39,4.4,89709.0,9.9,477963.0,0.0102899318859754,18.88153516078759,18.68922431557857
NY-604,2018,westchester county,0.0,0.0,0.0,513300.0,1320.0,1858.0,0.5197065052495606,5.5,0.26,0.38,4.5,90578.0,8.3,489676.0,-0.0081015200876526,18.72856602439675,18.88153516078759
NY-606,2012,rockland county,0.0,0.0,0.0,465100.0,1156.0,1851.0,0.5552625186521845,5.3,0.0,0.29,5.5,82217.0,14.1,321393.5,-0.0098035855071467,3.3343409067537544,3.367353040216265
NY-606,2013,rockland county,0.0,0.0,0.0,449600.0,1177.0,1860.0,0.5554839366285579,5.3,0.0,0.3,7.4,82677.0,15.7,150225.0,0.1575363954320325,3.859620954345316,3.3343409067537544
NY-606,2014,rockland county,0.0,0.0,0.0,435300.0,1182.0,1839.0,0.567324895,5.8,0.0,0.3,6.4,80942.0,15.0,150571.0,-0.0702325932332834,3.588549765824124,3.859620954345316
NY-606,2015,rockland county,0.0,0.0,0.0,424400.0,1196.0,1855.0,0.5688263095706971,5.8,0.0,0.31,5.2,85037.0,14.8,149157.0,0.2023881039702082,4.314829548932003,3.588549765824124
NY-606,2016,rockland county,0.0,0.0,0.0,419100.0,1200.0,1875.0,0.5895306036027232,4.7,0.0,0.31,4.6,85392.0,14.1,151923.0,0.1980188735966581,5.169247235973096,4.314829548932003
NY-606,2017,rockland county,0.0,0.0,0.0,420700.0,1230.0,1929.0,0.5850074767570379,4.4,0.0,0.31,4.3,85515.0,14.8,152561.0,0.0691388460694462,5.526643024915949,5.169247235973096
NY-606,2018,rockland county,0.0,0.0,0.0,425100.0,1260.0,1972.0,0.5942532060553466,4.2,0.21,0.31,4.3,88726.0,13.6,156380.0,0.0108193749123921,5.586437847809472,5.526643024915949
OH-500,2012,hamilton county,0.0,0.0,0.0,147800.0,551.0,925.0,0.4791930075311967,12.8,0.0,0.39,5.5,45940.0,18.3,321393.5,-0.2007804123149188,16.481877392731068,20.6224642722664
OH-500,2013,hamilton county,0.0,0.0,0.0,146900.0,567.0,937.0,0.487444209,11.5,0.0,0.4,7.4,46837.0,19.8,402186.0,-0.2154823464175717,12.930323778778648,16.481877392731068
OH-500,2014,hamilton county,0.0,0.0,0.0,144400.0,576.0,925.0,0.4832917480155888,10.0,0.0,0.4,7.3,46967.0,18.7,402152.0,0.0179551172470999,13.162489258269584,12.930323778778648
OH-500,2015,hamilton county,0.0,0.0,0.0,143000.0,585.0,918.0,0.4844303741158676,9.3,0.0,0.41,5.5,48770.0,17.4,402530.0,0.0479112442272682,13.793120495761334,13.162489258269584
OH-500,2016,hamilton county,0.0,0.0,0.0,142000.0,590.0,898.0,0.4795599982665723,8.3,0.0,0.42,4.5,50990.0,16.6,402777.0,0.0351759460685039,14.278306558436611,13.793120495761334
OH-500,2017,hamilton county,0.0,0.0,0.0,143700.0,602.0,902.0,0.4632634663060626,6.7,0.0,0.42,4.5,53229.0,15.8,406542.0,-0.0446677442116772,13.640526813308451,14.278306558436611
OH-500,2018,hamilton county,0.0,0.0,0.0,145800.0,619.0,915.0,0.4492802259650006,6.2,0.35,0.42,4.4,55048.0,16.1,412841.0,-0.0296627588780673,13.23591115547547,13.640526813308451
OH-502,2012,cuyahoga county,0.0,0.0,0.0,134900.0,592.0,872.0,0.4821805778957772,9.9,0.0,0.38,5.5,41530.0,18.6,321393.5,-0.0267921259111999,16.854635301792182,17.31863844358321
OH-502,2013,cuyahoga county,0.0,0.0,0.0,130900.0,601.0,871.0,0.4846107481254671,9.8,0.0,0.39,6.8,41880.0,18.6,621812.0,-0.0096045043332935,16.69275488400004,16.854635301792182
OH-502,2014,cuyahoga county,0.0,0.0,0.0,125700.0,607.0,864.0,0.4860034339772439,9.3,0.0,0.39,7.0,43501.0,19.0,617919.0,-0.0732076035946671,15.47071830154922,16.69275488400004
OH-502,2015,cuyahoga county,0.0,0.0,0.0,123300.0,613.0,857.0,0.4830653341849194,8.5,0.0,0.4,6.3,44016.0,19.3,615565.0,-0.1220161090619942,13.58304145,15.47071830154922
OH-502,2016,cuyahoga county,0.0,0.0,0.0,121800.0,615.0,842.0,0.4761348426238104,7.8,0.0,0.41,5.2,45297.0,18.2,609062.0,0.018361319175568,13.83244400943842,13.58304145
OH-502,2017,cuyahoga county,0.0,0.0,0.0,122200.0,626.0,843.0,0.4689530422738001,7.4,0.0,0.41,5.6,46601.0,18.1,612160.0,0.0508217435531244,14.53543293159905,13.83244400943842
OH-502,2018,cuyahoga county,0.0,0.0,0.0,123900.0,643.0,855.0,0.4632789300742602,7.1,0.37,0.41,5.8,46784.0,18.0,623383.0,-0.0987230386898155,13.100450823919578,14.53543293159905
OH-503,2012,franklin county,0.0,1.0,0.0,155200.0,635.0,971.0,0.4660354756737521,10.7,0.0,0.43,5.5,47029.0,18.8,321393.5,0.0233400027529684,12.274564182854707,11.994609953518797
OH-503,2013,franklin county,0.0,1.0,0.0,153600.0,647.0,974.0,0.463467835,9.5,0.0,0.44,6.4,50074.0,17.9,630411.0,0.0678266828050471,13.107107154255385,12.274564182854707
OH-503,2014,franklin county,0.0,1.0,0.0,150800.0,658.0,971.0,0.4588802253060137,8.3,0.0,0.45,6.4,51460.0,17.7,638429.0,0.0489774085237524,13.749059295913948,13.107107154255385
OH-503,2015,franklin county,0.0,1.0,0.0,150000.0,672.0,975.0,0.4568955152098112,7.2,0.0,0.46,4.9,53180.0,17.2,649140.0,-0.0083937378030375,13.633653297145631,13.749059295913948
OH-503,2016,franklin county,0.0,1.0,0.0,150600.0,681.0,973.0,0.4448752240203892,6.2,0.0,0.46,4.1,53882.0,17.1,657983.0,-0.0399911538210487,13.088427770996631,13.633653297145631
OH-503,2017,franklin county,0.0,1.0,0.0,153100.0,700.0,983.0,0.4375676564040758,5.5,0.0,0.47,4.1,56055.0,16.7,669446.0,0.0536586355127526,13.790734946195528,13.088427770996631
OH-503,2018,franklin county,0.0,1.0,0.0,158400.0,730.0,1014.0,0.4340421466752934,5.3,0.32,0.46,4.1,59227.0,15.9,686535.0,0.0501660532226166,14.482561689485372,13.790734946195528
OH-505,2012,montgomery county,0.0,0.0,0.0,118600.0,539.0,847.0,0.4956300434512725,9.8,0.0,0.36,5.5,40602.0,18.5,321393.5,-0.0397362448596981,19.427223493317108,20.23113273756609
OH-505,2013,montgomery county,0.0,0.0,0.0,115800.0,546.0,848.0,0.4956322445943027,9.3,0.0,0.37,8.2,42524.0,18.7,254590.0,-0.2362626495080606,14.837296198200766,19.427223493317108
OH-505,2014,montgomery county,0.0,0.0,0.0,112800.0,548.0,841.0,0.4929879167307715,7.5,0.0,0.38,8.3,42776.0,18.7,251135.0,0.2295388776102751,18.24303251430697,14.837296198200766
OH-505,2015,montgomery county,0.0,0.0,0.0,110500.0,555.0,830.0,0.4909420713867758,7.4,0.0,0.38,6.1,42644.0,19.6,249711.0,-0.2250869864258354,14.136763302393083,18.24303251430697
OH-505,2016,montgomery county,0.0,0.0,0.0,109900.0,558.0,819.0,0.478689165,6.7,0.0,0.39,5.1,46561.0,17.9,249904.0,-0.1762354920441227,11.64536386588454,14.136763302393083
OH-505,2017,montgomery county,0.0,0.0,0.0,109600.0,573.0,821.0,0.4654293406656355,6.4,0.0,0.39,5.0,46936.0,18.4,251039.0,0.0969178204133922,12.774007149686945,11.64536386588454
OH-505,2018,montgomery county,0.0,0.0,0.0,112100.0,592.0,830.0,0.4502200917240903,6.2,0.34,0.39,4.9,47755.0,16.0,253155.0,0.0026836084122467,12.808287582731946,12.774007149686945
OH-506,2012,summit county,0.0,0.0,0.0,140700.0,582.0,897.0,0.4786204085198072,9.6,0.0,0.31,5.5,46429.0,16.6,321393.5,0.0582883093403931,15.909225135837469,15.032978249332947
OH-506,2013,summit county,0.0,0.0,0.0,137700.0,591.0,891.0,0.4834951178715921,9.0,0.0,0.32,7.5,48798.0,15.8,272453.0,0.009059124057392,16.05334878,15.909225135837469
OH-506,2014,summit county,0.0,0.0,0.0,135600.0,598.0,879.0,0.4843419083387457,8.6,0.0,0.32,7.6,49232.0,14.6,270976.0,-0.1264770772817669,14.022968145720782,16.05334878
OH-506,2015,summit county,0.0,0.0,0.0,133700.0,609.0,865.0,0.4731698600764219,8.0,0.0,0.33,5.9,50365.0,13.0,272945.0,-0.1038208013092143,12.567092356098463,14.022968145720782
OH-506,2016,summit county,0.0,0.0,0.0,133500.0,611.0,847.0,0.4661779317382314,7.4,0.0,0.34,5.0,51309.0,14.3,272635.0,-0.254593979394679,9.367586303738904,12.567092356098463
OH-506,2017,summit county,0.0,0.0,0.0,134300.0,621.0,848.0,0.4531735522020165,6.7,0.0,0.34,5.1,52036.0,13.6,273479.0,0.156316763514219,10.831897076679496,9.367586303738904
OH-506,2018,summit county,0.0,0.0,0.0,137000.0,635.0,859.0,0.4481061891461536,6.1,0.32,0.34,5.1,55419.0,12.7,274876.0,-0.0682907288019487,10.092178931005355,10.831897076679496
OH-508,2012,stark county,0.0,0.0,0.0,126700.0,499.0,768.0,0.4598953594176524,6.7,0.0,0.29,5.5,41827.0,16.3,321393.5,0.0813606128229906,13.90398261203094,12.857859299806863
OH-508,2013,stark county,0.0,0.0,0.0,124200.0,512.0,768.0,0.4496392496392496,6.7,0.0,0.3,7.5,45617.0,14.5,187968.0,0.0164183509624877,14.132263078331594,13.90398261203094
OH-508,2014,stark county,0.0,0.0,0.0,122400.0,517.0,763.0,0.4559228650137741,6.8,0.0,0.3,7.5,44979.0,15.4,188921.0,-0.1097582248995627,12.581130969040288,14.132263078331594
OH-508,2015,stark county,0.0,0.0,0.0,121700.0,529.0,759.0,0.4482615713475548,6.5,0.0,0.31,5.8,47713.0,14.8,188754.0,-0.0213726893684863,12.312238364934746,12.581130969040288
OH-508,2016,stark county,0.0,0.0,0.0,122900.0,530.0,752.0,0.432768797,5.9,0.0,0.31,5.3,48819.0,13.3,187170.0,-0.3045299590381756,8.562792919992914,12.312238364934746
OH-508,2017,stark county,0.0,0.0,0.0,124000.0,541.0,757.0,0.4145236734607488,5.2,0.0,0.31,5.5,50994.0,13.1,187210.0,-0.126256341045691,7.4816860167826595,8.562792919992914
OH-508,2018,stark county,0.0,0.0,0.0,127100.0,552.0,767.0,0.4136252028798535,4.0,0.29,0.32,5.2,50984.0,14.5,188257.0,-0.0154206505332098,7.366313551318651,7.4816860167826595
OK-501,2012,tulsa county,0.0,1.0,0.0,129900.0,566.0,844.0,0.4492282696994313,8.7,0.0,0.38,5.5,46466.0,15.1,321393.5,-0.026362862458514,16.195138566441038,16.633649171738764
OK-501,2013,tulsa county,0.0,1.0,0.0,133300.0,582.0,857.0,0.4504980315384119,9.0,0.0,0.39,5.0,47315.0,16.3,308472.0,-0.0094569257016963,16.04198234428953,16.195138566441038
OK-501,2014,tulsa county,0.0,1.0,0.0,134100.0,599.0,857.0,0.4415341143600977,8.9,0.0,0.39,4.9,47949.0,16.1,310617.0,-0.0677453534772821,14.955212579899316,16.04198234428953
OK-501,2015,tulsa county,0.0,1.0,0.0,136100.0,608.0,866.0,0.4400462504817758,8.9,0.0,0.39,4.1,50460.0,15.0,311433.0,0.0847290519375367,16.222353563318507,14.955212579899316
OK-501,2016,tulsa county,0.0,1.0,0.0,138500.0,619.0,865.0,0.4321411665172681,8.3,0.0,0.4,4.0,51287.0,16.2,317640.0,0.0244225045477639,16.618544066994087,16.222353563318507
OK-501,2017,tulsa county,0.0,1.0,0.0,141700.0,634.0,872.0,0.424389095,8.0,0.0,0.41,4.5,51325.0,16.0,317900.0,0.00512313663938,16.703683138996855,16.618544066994087
OK-501,2018,tulsa county,0.0,1.0,0.0,145800.0,656.0,888.0,0.4216570959803117,8.2,0.3,0.41,4.0,52441.0,14.6,318416.0,0.091578857576424,18.233387358184764,16.703683138996855
OR-501,2012,multnomah county,0.0,1.0,0.0,281900.0,752.0,1106.0,0.5082848020811778,4.1,0.0,0.45,5.5,46888.0,19.7,321393.5,-0.0049457399204976,57.966285315251234,58.254396409116296
OR-501,2013,multnomah county,0.0,1.0,0.0,276900.0,773.0,1129.0,0.5134226723121917,4.1,0.0,0.45,7.6,51799.0,18.3,421947.0,-0.1277812544818951,50.55928066001297,57.966285315251234
OR-501,2014,multnomah county,0.0,1.0,0.0,271600.0,799.0,1144.0,0.5141414573616876,3.6,0.0,0.46,6.7,54024.0,18.5,414728.0,-0.0487201479977212,48.09602502359881,50.55928066001297
OR-501,2015,multnomah county,0.0,1.0,0.0,270200.0,820.0,1153.0,0.5205994866738001,2.8,0.0,0.46,5.8,53660.0,18.8,422171.0,0.0175334598971883,48.93931474956425,48.09602502359881
OR-501,2016,multnomah county,0.0,1.0,0.0,278300.0,847.0,1165.0,0.5152306717098893,2.9,0.0,0.46,4.8,59231.0,15.7,430032.0,0.0569014185266936,51.72403118053879,48.93931474956425
OR-501,2017,multnomah county,0.0,1.0,0.0,297300.0,895.0,1217.0,0.5090764441369768,2.9,0.0,0.46,4.2,62629.0,14.4,442861.0,-0.0429518274995299,49.50238951569197,51.72403118053879
OR-501,2018,multnomah county,0.0,1.0,0.0,330900.0,957.0,1272.0,0.5114020415608372,2.9,0.32,0.46,3.6,63974.0,14.6,450620.0,-0.0021935545717785,49.39380332285587,49.50238951569197
OR-506,2012,washington county,0.0,0.0,0.0,300200.0,808.0,1227.0,0.4593752923722584,5.3,0.0,0.38,5.5,62488.0,13.0,321393.5,-0.4323580350608493,7.783839883530692,13.712587095926027
OR-506,2013,washington county,0.0,0.0,0.0,290900.0,839.0,1256.0,0.4650407987695195,5.2,0.0,0.38,7.1,63530.0,12.3,292667.0,0.2253877653403939,9.538222160647107,7.783839883530692
OR-506,2014,washington county,0.0,0.0,0.0,282400.0,852.0,1245.0,0.4703828771644747,4.5,0.0,0.39,6.2,63238.0,10.9,289282.0,0.0788512517670212,10.290322917646074,9.538222160647107
OR-506,2015,washington county,0.0,0.0,0.0,279100.0,879.0,1254.0,0.4804586241276171,4.0,0.0,0.39,5.5,66136.0,12.8,295034.0,-0.0478547374572678,9.797882216071615,10.290322917646074
OR-506,2016,washington county,0.0,0.0,0.0,285100.0,907.0,1262.0,0.4805348928256827,3.5,0.0,0.4,4.6,70447.0,10.6,301910.0,-0.0572791824897424,9.236667532604248,9.797882216071615
OR-506,2017,washington county,0.0,0.0,0.0,301600.0,959.0,1299.0,0.4750915663227443,2.9,0.0,0.4,4.0,75634.0,9.1,312711.0,-0.0544694433960267,8.733551393269142,9.236667532604248
OR-506,2018,washington county,0.0,0.0,0.0,331700.0,1041.0,1364.0,0.4673628929761876,2.5,0.24,0.39,3.4,80946.0,7.9,318470.0,0.008748581477733,8.809957579223127,8.733551393269142
OR-507,2012,clackamas county,0.0,0.0,0.0,326300.0,790.0,1293.0,0.4590981086369142,6.3,0.0,0.3,5.5,58055.0,11.0,321393.5,-0.3837103710074078,15.94280165763928,25.869008510981956
OR-507,2013,clackamas county,0.0,0.0,0.0,313100.0,830.0,1300.0,0.4717143180020341,5.9,0.0,0.31,8.0,64410.0,8.8,201578.0,-0.0185740820269101,15.646678751911528,15.94280165763928
OR-507,2014,clackamas county,0.0,0.0,0.0,300600.0,858.0,1302.0,0.4812804971444826,4.8,0.0,0.31,7.0,66758.0,9.4,198316.0,-0.213673325548095,12.303400869207875,15.646678751911528
OR-507,2015,clackamas county,0.0,0.0,0.0,295600.0,872.0,1280.0,0.4796725256779406,4.1,0.0,0.32,6.0,65316.0,9.2,202082.0,-0.0777903490771039,11.34631502075665,12.303400869207875
OR-507,2016,clackamas county,0.0,0.0,0.0,301000.0,894.0,1272.0,0.4745166589444421,2.9,0.0,0.32,5.0,69629.0,9.3,205321.0,0.0614426857793062,12.043463089330023,11.34631502075665
OR-507,2017,clackamas county,0.0,0.0,0.0,319100.0,949.0,1306.0,0.4690384042869902,3.0,0.0,0.31,4.3,74891.0,8.8,212188.0,-0.2356790457426413,9.205071201,12.043463089330023
OR-507,2018,clackamas county,0.0,0.0,0.0,341600.0,994.0,1360.0,0.4706410448239745,3.0,0.24,0.3,3.7,79878.0,8.3,216100.0,0.2235542420320495,11.262903916190604,9.205071201
PA-501,2012,dauphin county,0.0,0.0,0.0,157400.0,654.0,928.0,0.4069575408875392,8.7,0.0,0.35,5.5,51871.0,12.8,321393.5,0.0056192249805275,14.394490232046564,14.31405632914913
PA-501,2013,dauphin county,0.0,0.0,0.0,159100.0,676.0,941.0,0.4197827752966359,8.6,0.0,0.35,7.3,52228.0,13.4,140871.0,0.013454489500803,14.588160749743048,14.394490232046564
PA-501,2014,dauphin county,0.0,0.0,0.0,158800.0,690.0,942.0,0.4208298926507019,8.1,0.0,0.36,6.6,53816.0,14.1,140008.0,0.0094618501607215,14.726191740877637,14.588160749743048
PA-501,2015,dauphin county,0.0,0.0,0.0,159200.0,700.0,946.0,0.445388287,8.1,0.0,0.36,5.4,52975.0,13.6,139180.0,0.0742652831703116,15.81983654053422,14.726191740877637
PA-501,2016,dauphin county,0.0,0.0,0.0,159200.0,703.0,939.0,0.442116043,7.3,0.0,0.37,4.7,54232.0,14.1,141032.0,0.0546377720741653,16.68419716368648,15.81983654053422
PA-501,2017,dauphin county,0.0,0.0,0.0,161000.0,720.0,935.0,0.4403900752993457,6.6,0.0,0.37,4.7,60331.0,11.1,142302.0,-0.0374509412886493,16.05935827526101,16.68419716368648
PA-501,2018,dauphin county,0.0,0.0,0.0,163300.0,747.0,963.0,0.4369034733838433,6.4,0.31,0.36,4.6,61622.0,12.2,143691.0,-0.0647311954634837,15.019816815726973,16.05935827526101
PA-502,2012,delaware county,0.0,0.0,0.0,234700.0,792.0,1202.0,0.5012162162162163,7.3,0.0,0.29,5.5,60102.0,9.9,321393.5,-0.0974339897524949,9.71576926293612,10.764607965097008
PA-502,2013,delaware county,0.0,0.0,0.0,236600.0,812.0,1216.0,0.5121618927360936,7.9,0.0,0.29,7.5,61065.0,11.8,288959.0,-0.0693999918536298,9.041494955236606,9.71576926293612
PA-502,2014,delaware county,0.0,0.0,0.0,234100.0,826.0,1215.0,0.5076451077943616,8.8,0.0,0.29,6.8,64822.0,10.8,289499.0,-0.1448372575533796,7.731949621737419,9.041494955236606
PA-502,2015,delaware county,0.0,0.0,0.0,233400.0,839.0,1223.0,0.5094419414127942,8.3,0.0,0.3,5.6,62993.0,11.0,289872.0,-0.0679941602471407,7.206222200134185,7.731949621737419
PA-502,2016,delaware county,0.0,0.0,0.0,232700.0,843.0,1221.0,0.5139793370219851,7.9,0.0,0.3,5.0,67584.0,10.3,291616.0,0.1132067763772071,8.022015385269242,7.206222200134185
PA-502,2017,delaware county,0.0,0.0,0.0,233300.0,860.0,1225.0,0.5007862896755352,8.0,0.0,0.31,4.8,67950.0,10.9,294657.0,-0.0861817188823566,7.3306643104660285,8.022015385269242
PA-502,2018,delaware county,0.0,0.0,0.0,235200.0,879.0,1242.0,0.482794042,7.4,0.29,0.3,4.6,73854.0,9.7,297752.0,-0.0372191822865963,7.057822979212947,7.3306643104660285
PA-503,2012,luzerne county,0.0,0.0,0.0,116700.0,468.0,727.0,0.4165031397174254,5.9,0.0,0.31,5.5,42847.0,15.5,321393.5,-0.0703579539549191,5.154590866064986,5.544704962510942
PA-503,2013,luzerne county,0.0,0.0,0.0,119500.0,486.0,742.0,0.4187263257575757,4.9,0.0,0.32,9.6,42370.0,16.4,160422.0,0.1682861060602734,6.022036891248915,5.154590866064986
PA-503,2014,luzerne county,0.0,0.0,0.0,121000.0,508.0,754.0,0.4299174102904879,3.6,0.0,0.32,9.1,45190.0,16.4,160095.0,-0.0926685866496677,5.463983243784719,6.022036891248915
PA-503,2015,luzerne county,0.0,0.0,0.0,121700.0,520.0,765.0,0.4342184453164496,4.3,0.0,0.32,7.4,44311.0,16.0,158891.0,-0.0223932174250166,5.341627079,5.463983243784719
PA-503,2016,luzerne county,0.0,0.0,0.0,122700.0,534.0,769.0,0.4264511635726122,4.9,0.0,0.32,6.6,50301.0,15.4,158870.0,0.0264711802715413,5.483026252351556,5.341627079
PA-503,2017,luzerne county,0.0,0.0,0.0,123500.0,545.0,772.0,0.4211891997747913,5.3,0.0,0.32,6.2,46580.0,14.8,159199.0,-0.0526286907546397,5.194461759316975,5.483026252351556
PA-503,2018,luzerne county,0.0,0.0,0.0,124100.0,570.0,789.0,0.4048553030863741,5.5,0.31,0.32,6.0,51332.0,13.8,160069.0,-0.0053435300337639,5.166704996896827,5.194461759316975
PA-504,2012,montgomery county,0.0,0.0,0.0,297900.0,933.0,1448.0,0.447195415,7.8,0.0,0.26,5.5,76220.0,6.4,321393.5,0.1020604329777297,5.711640915044265,5.182693021299754
PA-504,2013,montgomery county,0.0,0.0,0.0,296000.0,956.0,1459.0,0.4495359488210919,8.4,0.0,0.27,6.2,76953.0,6.5,434779.0,-0.0612127569030042,5.362015628194408,5.711640915044265
PA-504,2014,montgomery county,0.0,0.0,0.0,292600.0,976.0,1462.0,0.4485907539860836,8.8,0.0,0.27,5.7,76919.0,6.8,434321.0,-0.0234255781734729,5.236407311928756,5.362015628194408
PA-504,2015,montgomery county,0.0,0.0,0.0,290800.0,999.0,1466.0,0.4583239454991758,8.3,0.0,0.27,4.7,79495.0,7.2,436059.0,-0.0750395754113544,4.843469530560711,5.236407311928756
PA-504,2016,montgomery county,0.0,0.0,0.0,292300.0,1012.0,1451.0,0.4617710277062616,7.3,0.0,0.27,4.2,83254.0,6.6,440961.0,-0.2252070813164572,3.7526858941379415,4.843469530560711
PA-504,2017,montgomery county,0.0,0.0,0.0,293800.0,1041.0,1450.0,0.4563793403280969,6.3,0.0,0.28,4.1,84113.0,6.2,448110.0,-0.0641553784748883,3.511930910302147,3.7526858941379415
PA-504,2018,montgomery county,0.0,0.0,0.0,299300.0,1076.0,1473.0,0.4556332609868972,5.8,0.26,0.28,3.9,87304.0,5.7,452286.0,-0.1569903530147581,2.960591636930372,3.511930910302147
PA-505,2012,chester county,0.0,0.0,0.0,333400.0,961.0,1589.0,0.4177041398087171,4.7,0.0,0.24,5.5,79160.0,7.2,321393.5,-0.0776264845698069,12.581751945166332,13.640625771109905
PA-505,2013,chester county,0.0,0.0,0.0,329700.0,983.0,1600.0,0.4290499179968122,4.7,0.0,0.24,5.5,82442.0,7.6,272534.0,0.0524323518464462,13.24144279,12.581751945166332
PA-505,2014,chester county,0.0,0.0,0.0,325200.0,1004.0,1583.0,0.4432659595757454,4.6,0.0,0.24,5.1,83633.0,7.0,272791.0,-0.1041861842836135,11.861867391300134,13.24144279
PA-505,2015,chester county,0.0,0.0,0.0,323600.0,1028.0,1573.0,0.453623125,5.2,0.0,0.25,4.2,85373.0,7.4,273535.0,-0.088893981568828,10.807418770046018,11.861867391300134
PA-505,2016,chester county,0.0,0.0,0.0,325800.0,1046.0,1536.0,0.4689297297297297,5.0,0.0,0.25,3.9,90503.0,5.7,277099.0,0.0298960441438898,11.130517838676816,10.807418770046018
PA-505,2017,chester county,0.0,0.0,0.0,331000.0,1066.0,1544.0,0.4639347101355154,5.1,0.0,0.25,3.8,92407.0,7.3,280799.0,-0.0035525015116527,11.090976657229438,11.130517838676816
PA-505,2018,chester county,0.0,0.0,0.0,338200.0,1100.0,1566.0,0.4581633306987375,5.0,0.23,0.25,3.7,96656.0,6.4,283555.0,-0.0931949553702465,10.057353582646494,11.090976657229438
PA-506,2012,berks county,0.0,0.0,0.0,174000.0,628.0,972.0,0.4711854643208602,5.6,0.0,0.27,5.5,52307.0,13.7,321393.5,0.3763707284515178,11.317442161341264,8.222669900916827
PA-506,2013,berks county,0.0,0.0,0.0,173400.0,643.0,990.0,0.4866739601033495,5.7,0.0,0.28,7.5,52022.0,14.6,211337.0,0.290067938936297,14.600269283112274,11.317442161341264
PA-506,2014,berks county,0.0,0.0,0.0,170600.0,659.0,997.0,0.4962703041851602,5.8,0.0,0.28,6.9,56043.0,14.4,210608.0,-0.0747259297889907,13.509250585762068,14.600269283112274
PA-506,2015,berks county,0.0,0.0,0.0,169200.0,673.0,1004.0,0.5024595439499816,6.1,0.0,0.28,5.6,56059.0,14.7,210766.0,-0.0702736190453942,12.559906656509456,13.509250585762068
PA-506,2016,berks county,0.0,0.0,0.0,168200.0,671.0,995.0,0.5014272784237276,7.0,0.0,0.28,5.0,56122.0,12.8,212576.0,0.017490308561062,12.779583299429945,12.559906656509456
PA-506,2017,berks county,0.0,0.0,0.0,169000.0,692.0,997.0,0.4988250075618325,7.2,0.0,0.28,4.9,59286.0,13.6,213541.0,0.0466782201811322,13.376111502503855,12.779583299429945
PA-506,2018,berks county,0.0,0.0,0.0,170900.0,709.0,1024.0,0.4892920602263162,7.2,0.25,0.28,4.7,61058.0,11.8,214414.0,0.0597250710461105,14.175000712311594,13.376111502503855
PA-510,2012,lancaster county,0.0,0.0,0.0,187300.0,677.0,970.0,0.4519135641759958,4.0,0.0,0.3,5.5,53387.0,10.9,321393.5,-0.0831248656072937,9.780966767371602,10.66771951869983
PA-510,2013,lancaster county,0.0,0.0,0.0,189600.0,700.0,992.0,0.4712566383888544,4.0,0.0,0.3,6.4,54776.0,11.8,268701.0,-0.0453159012372992,9.337733443336084,9.780966767371602
PA-510,2014,lancaster county,0.0,0.0,0.0,188200.0,720.0,1001.0,0.4888157339410821,4.0,0.0,0.31,5.8,56922.0,10.4,269657.0,-0.2456372494959114,7.044038283789022,9.337733443336084
PA-510,2015,lancaster county,0.0,0.0,0.0,187300.0,738.0,1017.0,0.4956794577090219,4.3,0.0,0.31,4.7,57403.0,10.4,272260.0,-0.0614820513576316,6.610956360259982,7.044038283789022
PA-510,2016,lancaster county,0.0,0.0,0.0,189200.0,752.0,1015.0,0.4878253430291863,4.1,0.0,0.31,4.2,59262.0,10.9,276030.0,-0.1056273694017846,5.912658430695723,6.610956360259982
PA-510,2017,lancaster county,0.0,0.0,0.0,191400.0,778.0,1020.0,0.4760320434136572,3.9,0.0,0.32,4.1,61335.0,11.0,278302.0,0.2632757215355821,7.469317845230583,5.912658430695723
PA-510,2018,lancaster county,0.0,0.0,0.0,193200.0,795.0,1035.0,0.4630441318417013,3.9,0.24,0.32,3.9,63407.0,10.0,281547.0,0.0352815077167971,7.732846640426296,7.469317845230583
PA-511,2012,bucks county,0.0,0.0,0.0,319600.0,928.0,1452.0,0.4915710042546359,8.7,0.0,0.22,5.5,70617.0,6.5,321393.5,-0.0151629081112873,7.193257796151687,7.304007795194345
PA-511,2013,bucks county,0.0,0.0,0.0,315600.0,957.0,1471.0,0.4922361488104742,8.8,0.0,0.22,7.0,75471.0,5.4,338069.0,0.091415652491791,7.850834151128557,7.193257796151687
PA-511,2014,bucks county,0.0,0.0,0.0,309900.0,964.0,1459.0,0.4947260503538968,9.1,0.0,0.22,6.4,73594.0,6.1,336073.0,-0.0112386370338254,7.762601475691262,7.850834151128557
PA-511,2015,bucks county,0.0,0.0,0.0,307600.0,986.0,1451.0,0.5033446400485115,7.5,0.0,0.23,5.3,77917.0,6.5,334887.0,0.0899774757324887,8.461060761591254,7.762601475691262
PA-511,2016,bucks county,0.0,0.0,0.0,308800.0,999.0,1442.0,0.4894182301239241,6.4,0.0,0.24,4.8,80575.0,6.1,337667.0,-0.0388289371655632,8.132526764925414,8.461060761591254
PA-511,2017,bucks county,0.0,0.0,0.0,311600.0,1004.0,1449.0,0.4846337855851578,6.2,0.0,0.23,4.6,79936.0,6.6,341375.0,-0.2229114138387575,6.319693725674353,8.132526764925414
PA-511,2018,bucks county,0.0,0.0,0.0,315700.0,1033.0,1463.0,0.4914100544904868,5.4,0.24,0.23,4.3,84749.0,6.1,343471.0,-0.0958258331953817,5.7141038088719815,6.319693725674353
PA-512,2013,york county,0.0,0.0,0.0,177200.0,636.0,1035.0,0.4498509472064622,4.5,0.0,0.25,7.3,55648.0,10.7,232732.0,0.0819191137770547,6.851879161892661,6.333078947068673
PA-512,2014,york county,0.0,0.0,0.0,174200.0,655.0,1037.0,0.4540152642442279,5.1,0.0,0.25,6.5,57065.0,11.0,231383.0,0.1369361605685604,7.790149187001967,6.851879161892661
PA-512,2015,york county,0.0,0.0,0.0,170900.0,671.0,1035.0,0.4680886439752025,4.4,0.0,0.25,5.5,58587.0,10.2,230355.0,0.055880077845539,8.22546333,7.790149187001967
PA-512,2016,york county,0.0,0.0,0.0,168400.0,681.0,1010.0,0.4728718103228498,4.7,0.0,0.26,4.8,58409.0,10.7,232599.0,-0.2150873791945224,6.456269979689651,8.22546333
PA-512,2017,york county,0.0,0.0,0.0,168300.0,699.0,1021.0,0.4748344061946077,4.9,0.0,0.26,4.6,62462.0,9.9,235082.0,0.1194913590602155,7.227738454022438,6.456269979689651
PA-512,2018,york county,0.0,0.0,0.0,170300.0,731.0,1050.0,0.4741611898996887,5.0,0.24,0.26,4.4,63519.0,9.5,236805.0,-0.0109911769213018,7.148297101933381,7.227738454022438
PA-600,2012,allegheny county,0.0,0.0,0.0,118700.0,572.0,828.0,0.4459908316365415,6.7,0.0,0.34,5.5,49759.0,13.6,321393.5,0.0823750127488731,12.11504092074311,11.19301607857237
PA-600,2013,allegheny county,0.0,0.0,0.0,120300.0,590.0,842.0,0.439960794,5.6,0.0,0.34,6.8,50884.0,12.8,651929.0,0.0545224503000887,12.775582637227869,12.11504092074311
PA-600,2014,allegheny county,0.0,0.0,0.0,122400.0,603.0,847.0,0.4386887631901028,4.9,0.0,0.34,6.3,51424.0,13.8,649327.0,-0.0941378231398386,11.572917098416118,12.775582637227869
PA-600,2015,allegheny county,0.0,0.0,0.0,124800.0,622.0,852.0,0.4408231118791252,4.6,0.0,0.35,5.4,52400.0,13.3,645856.0,-0.1848274994604908,9.433923769652308,11.572917098416118
PA-600,2016,allegheny county,0.0,0.0,0.0,129600.0,634.0,854.0,0.4359172627102262,4.5,0.0,0.35,5.0,54467.0,12.3,647736.0,-0.0076391503668332,9.361856607426692,9.433923769652308
PA-600,2017,allegheny county,0.0,0.0,0.0,134400.0,654.0,866.0,0.4292344625233396,4.4,0.0,0.35,5.1,56140.0,11.6,648493.0,-0.3135777507481503,6.426186669643121,9.361856607426692
PA-600,2018,allegheny county,0.0,0.0,0.0,140600.0,682.0,889.0,0.4288292017598327,4.8,0.36,0.35,4.8,58625.0,11.2,651933.0,-0.0095376366847433,6.364896035919724,6.426186669643121
PA-603,2012,beaver county,0.0,0.0,0.0,113600.0,450.0,747.0,0.4111482720178372,6.6,0.0,0.26,5.5,48901.0,12.2,321393.5,-0.1811929363291676,5.290538753196367,6.461276395782549
PA-603,2013,beaver county,0.0,0.0,0.0,114100.0,461.0,747.0,0.4222066587652193,5.3,0.0,0.26,7.4,47083.0,11.4,86713.0,0.060060884417997,5.608293189761028,5.290538753196367
PA-603,2014,beaver county,0.0,0.0,0.0,115400.0,465.0,743.0,0.4190673245265001,4.6,0.0,0.27,7.0,49937.0,10.6,86249.0,0.2670549834208546,7.106015834571951,5.608293189761028
PA-603,2015,beaver county,0.0,0.0,0.0,117300.0,477.0,744.0,0.4079732133514701,5.8,0.0,0.27,6.6,51222.0,11.4,85843.0,0.1010687614849679,7.824212054064708,7.106015834571951
PA-603,2016,beaver county,0.0,0.0,0.0,120100.0,484.0,738.0,0.4158880971232515,6.1,0.0,0.27,6.2,50128.0,13.5,85837.0,-0.2461043155914676,5.898639701456602,7.824212054064708
PA-603,2017,beaver county,0.0,0.0,0.0,123800.0,492.0,743.0,0.3946961208046529,6.5,0.0,0.27,6.1,55221.0,8.2,85443.0,0.204008791483232,7.102014058345777,5.898639701456602
PA-603,2018,beaver county,0.0,0.0,0.0,129200.0,503.0,758.0,0.3894007989347536,7.5,0.3,0.27,5.6,54923.0,11.0,85242.0,0.0564958469356104,7.503248357520634,7.102014058345777
SC-503,2011,horry county,1.0,0.0,0.0,98800.0,453.0,1206.0,0.3528590270773528,9.1,0.01,0.33,5.5,36457.0,20.4,321393.5,-0.6299657208211464,51.72077864569496,139.77293876791364
SC-503,2011,sumter county,1.0,0.0,0.0,170600.0,668.0,843.0,0.5059100930916217,34.7,0.0,0.29,5.5,38775.0,18.9,321393.5,1.612492133417243,135.12012734609263,51.72077864569496
SC-503,2012,horry county,1.0,0.0,0.0,100900.0,484.0,690.0,0.3640367529804845,7.9,0.01,0.34,5.5,42009.0,14.2,321393.5,-0.6177583432059004,51.648541343000176,135.12012734609263
SC-503,2012,sumter county,1.0,0.0,0.0,164000.0,674.0,849.0,0.5248812420345267,35.7,0.0,0.3,10.1,40353.0,20.0,132855.0,1.6788934824227963,138.3609407804075,51.648541343000176
SC-503,2013,horry county,1.0,0.0,0.0,105400.0,502.0,708.0,0.3694779116465863,7.5,0.01,0.34,10.4,39667.0,18.2,44784.0,-0.6814737951057365,44.07158537238314,138.3609407804075
SC-503,2013,sumter county,1.0,0.0,0.0,159600.0,677.0,848.0,0.5319702709737124,37.8,0.0,0.3,8.4,42075.0,19.3,133217.0,1.7690397427700408,122.0359714230117,44.07158537238314
SC-503,2014,horry county,1.0,0.0,0.0,107300.0,525.0,729.0,0.3954102206906664,7.9,0.01,0.35,8.5,39780.0,19.9,44323.0,-0.6504423167449326,42.65861144440959,122.0359714230117
SC-503,2014,sumter county,1.0,0.0,0.0,157700.0,676.0,831.0,0.511154192,37.8,0.0,0.31,7.2,43001.0,17.7,134144.0,1.8768049869743209,122.72050614067734,42.65861144440959
SC-503,2015,horry county,1.0,0.0,0.0,108300.0,530.0,733.0,0.4238326642721318,6.4,0.01,0.35,7.1,36633.0,24.1,44389.0,-0.665806944417207,41.01234092981988,122.72050614067734
SC-503,2015,sumter county,1.0,0.0,0.0,159700.0,685.0,830.0,0.5111225932774938,36.6,0.0,0.31,7.0,47541.0,16.8,137237.0,2.001433945398339,123.09583224701106,41.01234092981988
SC-503,2016,horry county,1.0,0.0,0.0,107100.0,540.0,742.0,0.4295754650007099,5.3,0.01,0.35,6.8,41169.0,18.5,44355.0,-0.7625774349200583,29.22572824273557,123.09583224701106
SC-503,2016,kershaw county,1.0,0.0,0.0,162100.0,706.0,843.0,0.4891183183820797,35.6,0.0,0.31,5.7,45621.0,15.5,139740.0,4.12436189187527,149.76320806937696,29.22572824273557
SC-503,2017,horry county,1.0,0.0,0.0,108900.0,538.0,732.0,0.4494041322896834,5.0,0.01,0.35,5.8,40614.0,21.2,44134.0,-0.651917630895861,31.730626737992772,149.76320806937696
SC-503,2017,kershaw county,1.0,0.0,0.0,166500.0,723.0,849.0,0.4685791624648373,33.9,0.28,0.3,4.9,45680.0,16.8,140661.0,4.246783144285889,166.4837175265276,31.730626737992772
SC-503,2017,sumter county,1.0,0.0,0.0,121200.0,510.0,687.0,0.3763581051716645,4.8,0.26,0.19,4.4,50010.0,14.7,28640.0,-0.3841820639927896,102.52365930599368,166.4837175265276
SC-503,2018,horry county,1.0,0.0,0.0,113200.0,549.0,736.0,0.4775022326028714,4.8,0.28,0.35,5.1,45585.0,18.8,43072.0,-0.682383843940098,32.56317057396472,102.52365930599368
SC-503,2018,kershaw county,1.0,0.0,0.0,172500.0,741.0,864.0,0.4664021093562734,32.1,0.29,0.29,4.2,49047.0,14.5,142044.0,4.32044597376448,173.2505897732566,32.56317057396472
SC-503,2018,sumter county,1.0,0.0,0.0,124700.0,523.0,720.0,0.3985098216301648,5.5,0.25,0.18,3.5,51467.0,15.1,28269.0,-0.3764020202209499,108.03871777813175,173.2505897732566
TN-501,2012,shelby county,0.0,1.0,0.0,136200.0,614.0,968.0,0.531218375,14.6,0.0,0.39,5.5,44391.0,21.2,321393.5,-0.1240313166800843,19.330150670860544,22.06717093766343
TN-501,2013,shelby county,0.0,1.0,0.0,135500.0,622.0,977.0,0.5389660465492042,13.8,0.0,0.4,8.8,44694.0,21.7,445583.0,-0.076992768877902,17.841868847883955,19.330150670860544
TN-501,2014,shelby county,0.0,1.0,0.0,132700.0,632.0,971.0,0.5344756252407515,12.8,0.0,0.41,8.8,45226.0,21.8,440270.0,-0.08883985127721,16.256799872930458,17.841868847883955
TN-501,2015,shelby county,0.0,1.0,0.0,131700.0,644.0,973.0,0.5332809441089695,11.9,0.0,0.42,7.6,43938.0,22.9,430546.0,0.0984849381914294,17.857849803606452,16.256799872930458
TN-501,2016,shelby county,0.0,1.0,0.0,130800.0,645.0,953.0,0.5223601646312664,10.6,0.0,0.43,6.4,47083.0,20.1,430892.0,-0.1477463981338406,15.219416816708486,17.857849803606452
TN-501,2017,shelby county,0.0,1.0,0.0,132200.0,659.0,954.0,0.5077094665988338,10.0,0.0,0.44,5.4,47690.0,20.8,434502.0,-0.1391526922855539,13.101593991647466,15.219416816708486
TN-501,2018,shelby county,0.0,1.0,0.0,135700.0,678.0,960.0,0.4965163016304877,9.8,0.31,0.44,4.4,49647.0,18.8,437734.0,0.0791336056077074,14.138370363414806,13.101593991647466
TN-502,2012,knox county,0.0,0.0,0.0,154900.0,583.0,829.0,0.4545999800073306,5.1,0.0,0.33,5.5,44580.0,14.2,321393.5,0.1541046281167581,22.33357773569459,19.351432436535685
TN-502,2013,knox county,0.0,0.0,0.0,156800.0,599.0,846.0,0.4614962649844307,5.1,0.0,0.34,6.2,46196.0,16.1,230548.0,-0.1407036109158039,19.191162703613557,22.33357773569459
TN-502,2014,knox county,0.0,0.0,0.0,157400.0,613.0,862.0,0.4691818903891978,5.3,0.0,0.35,6.3,49165.0,16.5,227983.0,-0.0959924739590034,17.348955517543935,19.191162703613557
TN-502,2015,knox county,0.0,0.0,0.0,158400.0,625.0,857.0,0.4612551883406672,5.3,0.0,0.35,5.5,46860.0,17.8,226266.0,-0.0547695079731492,16.39876176,17.348955517543935
TN-502,2016,knox county,0.0,0.0,0.0,160700.0,634.0,851.0,0.4453603499884872,5.6,0.0,0.36,4.6,52229.0,15.7,228904.0,0.0720983349005286,17.58108517732646,16.39876176
TN-502,2017,knox county,0.0,0.0,0.0,164700.0,649.0,851.0,0.4373544552028435,5.3,0.0,0.36,4.0,52102.0,14.9,233831.0,-0.0917187471398012,15.968570071503947,17.58108517732646
TN-502,2018,knox county,0.0,0.0,0.0,169400.0,668.0,872.0,0.43127694,5.5,0.3,0.36,3.2,55266.0,13.9,237653.0,0.0652142688778787,17.009948693742253,15.968570071503947
TX-500,2012,bexar county,0.0,1.0,0.0,121200.0,657.0,889.0,0.4567163389705007,9.7,0.0,0.38,5.5,46704.0,17.9,321393.5,-0.2022644102496668,16.395156276649004,20.552118380201872
TX-500,2013,bexar county,0.0,1.0,0.0,122600.0,671.0,905.0,0.4604628055283118,9.6,0.0,0.39,6.3,49874.0,19.2,838357.0,-0.049535036075743,15.583021619017751,16.395156276649004
TX-500,2014,bexar county,0.0,1.0,0.0,123700.0,693.0,914.0,0.4562846459146521,8.6,0.0,0.4,5.9,49769.0,17.3,852897.0,-0.0224100418054351,15.233805453080564,15.583021619017751
TX-500,2015,bexar county,0.0,1.0,0.0,126100.0,714.0,928.0,0.4564280099411629,7.6,0.0,0.41,4.7,50760.0,18.4,865150.0,-0.0534743076825943,14.41918825310575,15.233805453080564
TX-500,2016,bexar county,0.0,1.0,0.0,129400.0,727.0,930.0,0.4534866526577943,7.2,0.0,0.42,3.8,52286.0,15.5,879163.0,-0.0287207208619985,14.005058772231692,14.41918825310575
TX-500,2017,bexar county,0.0,1.0,0.0,134400.0,751.0,949.0,0.4534189907191683,7.3,0.0,0.42,3.8,53210.0,16.2,905846.0,0.102293523133395,15.43768557573353,14.005058772231692
TX-500,2018,bexar county,0.0,1.0,0.0,142300.0,786.0,978.0,0.4608024024209486,7.7,0.27,0.41,3.6,54175.0,15.7,917323.0,-0.0714587705370974,14.334527544553328,15.43768557573353
TX-600,2012,dallas county,0.0,1.0,0.0,129300.0,700.0,993.0,0.4654316757772552,11.0,0.0,0.46,5.5,47326.0,20.1,321393.5,-0.0921898382135424,12.752330233343857,14.047353477789736
TX-600,2013,dallas county,0.0,1.0,0.0,129100.0,711.0,995.0,0.4633630735661319,10.4,0.0,0.47,7.1,47301.0,19.4,1220310.0,0.0940733893287049,13.951985160233429,12.752330233343857
TX-600,2014,dallas county,0.0,1.0,0.0,128300.0,728.0,993.0,0.4601814454251937,9.7,0.0,0.47,6.6,47810.0,19.6,1232512.0,-0.1183105829488752,12.301317662632156,13.951985160233429
TX-600,2015,dallas county,0.0,1.0,0.0,129200.0,740.0,995.0,0.4607485850969139,8.7,0.0,0.48,5.5,50076.0,19.5,1249276.0,0.2028149218036066,14.796208442460223,12.301317662632156
TX-600,2016,dallas county,0.0,1.0,0.0,132700.0,750.0,992.0,0.4593938096645176,7.8,0.0,0.49,4.3,51799.0,18.0,1263314.0,-0.0219074037055391,14.47206193079994,14.796208442460223
TX-600,2017,dallas county,0.0,1.0,0.0,138600.0,783.0,1007.0,0.4527945226541973,7.4,0.0,0.49,4.0,54399.0,16.3,1299134.0,0.0795305778038217,15.623033378169152,14.47206193079994
TX-600,2018,dallas county,0.0,1.0,0.0,148300.0,826.0,1051.0,0.4523865742390762,6.8,0.28,0.5,4.0,56718.0,14.9,1317061.0,0.1021316488909778,17.21863953776035,15.623033378169152
TX-601,2012,tarrant county,0.0,1.0,0.0,136100.0,676.0,1061.0,0.4694080479301187,12.5,0.0,0.37,5.5,52789.0,17.1,321393.5,0.1072800654149275,12.503001505068424,11.291634244659877
TX-601,2013,tarrant county,0.0,1.0,0.0,136300.0,690.0,1062.0,0.4696670003988507,12.1,0.0,0.38,6.5,56040.0,15.7,963879.0,-0.0029946754108864,12.465559073898918,12.503001505068424
TX-601,2014,tarrant county,0.0,1.0,0.0,136400.0,710.0,1056.0,0.4690780826906937,11.2,0.0,0.38,6.1,56895.0,15.3,979558.0,-0.2255071470645807,9.654486410578976,12.465559073898918
TX-601,2015,tarrant county,0.0,1.0,0.0,137700.0,727.0,1059.0,0.4676170308140568,10.2,0.0,0.39,5.1,58099.0,15.4,989579.0,-0.0047177465446943,9.608938990674668,9.654486410578976
TX-601,2016,tarrant county,0.0,1.0,0.0,141000.0,743.0,1053.0,0.4616430706815928,9.2,0.0,0.39,4.2,60737.0,13.1,991895.0,-0.0167833179380341,9.447669112547002,9.608938990674668
TX-601,2017,tarrant county,0.0,1.0,0.0,148100.0,774.0,1069.0,0.4554077031122939,8.4,0.0,0.4,4.0,61534.0,13.7,1011543.0,0.0229600873295887,9.66458842043214,9.447669112547002
TX-601,2018,tarrant county,0.0,1.0,0.0,158200.0,815.0,1107.0,0.4511729485850466,8.5,0.25,0.39,3.8,65052.0,11.6,1028588.0,-0.001965661247632,9.645591113499783,9.66458842043214
UT-500,2012,salt lake county,0.0,0.0,0.0,240900.0,746.0,1115.0,0.4626681419570763,5.5,0.0,0.32,5.5,56171.0,14.4,321393.5,-0.1467190942238212,19.75510340171211,23.15193422
UT-500,2013,salt lake county,0.0,0.0,0.0,237500.0,767.0,1129.0,0.4776982701834489,5.6,0.0,0.32,4.6,58856.0,13.1,546710.0,-0.0031286042782846,19.693297500691557,19.75510340171211
UT-500,2014,salt lake county,0.0,0.0,0.0,232100.0,791.0,1128.0,0.4813605756829118,5.9,0.0,0.33,4.0,61775.0,12.6,561750.0,-0.002139897630348,19.651155860036088,19.693297500691557
UT-500,2015,salt lake county,0.0,0.0,0.0,231200.0,805.0,1126.0,0.4730093249108332,5.3,0.0,0.33,3.5,62672.0,11.7,570837.0,-0.1418549692389936,16.86354175,19.651155860036088
UT-500,2016,salt lake county,0.0,0.0,0.0,234700.0,820.0,1116.0,0.4591835016835017,4.7,0.0,0.34,3.3,65694.0,10.4,582490.0,0.068870097911118,18.02493552145073,16.86354175
UT-500,2017,salt lake county,0.0,0.0,0.0,243700.0,853.0,1131.0,0.4458028253581733,4.7,0.0,0.34,3.1,68665.0,9.1,599503.0,-0.1316960752518913,15.651122256607264,18.02493552145073
UT-500,2018,salt lake county,0.0,0.0,0.0,260700.0,891.0,1165.0,0.4306169391275774,4.6,0.23,0.34,3.0,71471.0,9.1,617457.0,0.0152987820340722,15.890565364599716,15.651122256607264
VA-600,2012,arlington county,0.0,0.0,1.0,575600.0,1533.0,1845.0,0.372233482,5.9,0.0,0.53,5.5,100735.0,7.7,321393.5,0.0438512740173508,21.297786630859115,20.40308534461309
VA-600,2013,arlington county,0.0,0.0,1.0,577300.0,1601.0,1881.0,0.3670470812788293,5.8,0.0,0.54,3.4,100474.0,8.8,143875.0,-0.3978444281704782,12.824580887408114,21.297786630859115
VA-600,2014,arlington county,0.0,0.0,1.0,584600.0,1659.0,1918.0,0.373957529,5.8,0.0,0.55,3.4,102501.0,9.8,145169.0,-0.1867794855239852,10.429212267197292,12.824580887408114
VA-600,2015,arlington county,0.0,0.0,1.0,594800.0,1725.0,1955.0,0.3862767620087747,5.6,0.0,0.55,3.2,109266.0,9.4,145098.0,-0.2747704292044934,7.563573136274723,10.429212267197292
VA-600,2016,arlington county,0.0,0.0,1.0,607700.0,1754.0,1962.0,0.3832383457547859,5.5,0.0,0.56,2.8,106768.0,7.1,144902.0,0.3054426545797601,9.873810993126636,7.563573136274723
VA-600,2017,arlington county,0.0,0.0,1.0,623300.0,1787.0,1993.0,0.3841320136713187,5.3,0.0,0.56,2.6,110388.0,8.1,146628.0,-0.0576647197365776,9.304440449476049,9.873810993126636
VA-600,2018,arlington county,0.0,0.0,1.0,643300.0,1827.0,2037.0,0.3792022541164039,5.3,0.39,0.56,2.5,117237.0,5.2,151365.0,-0.0243602652259803,9.077781812347473,9.304440449476049
VA-601,2012,fairfax county,0.0,0.0,0.0,493100.0,1443.0,1993.0,0.4314186801685348,4.8,0.0,0.29,5.5,105797.0,6.8,321393.5,-0.1295364706383528,11.93714166469188,13.713546015472884
VA-601,2013,fairfax county,0.0,0.0,0.0,477800.0,1519.6666666666667,1982.6666666666667,0.4396972212728728,4.0,0.0,0.3066666666666666,4.333333333333333,109751.33333333331,5.8,624133.3333333334,-0.0326228472324104,11.645074003002717,11.93714166469188
VA-601,2014,fairfax county,0.0,0.0,0.0,481750.0,1563.5,1980.0,0.4369008725498327,3.7,0.0,0.315,4.199999999999999,110876.5,6.199999999999999,623379.5,-0.0105918101845031,10.654809180211858,11.645074003002717
VA-601,2015,fairfax county,0.0,0.0,0.0,494050.0,1603.0,1975.5,0.4337034641385259,3.4,0.0,0.32,3.8,111941.0,6.35,619150.5,-0.0588324631636452,9.920609212744246,10.654809180211858
VA-601,2016,fairfax county,0.0,0.0,0.0,509000.0,1639.0,1978.5,0.4320683629523777,3.4,0.0,0.325,3.35,114462.5,6.0,616939.0,-0.048730036280471,8.84725878969994,9.920609212744246
VA-601,2017,fairfax county,0.0,0.0,0.0,525800.0,1683.0,2004.0,0.4331311144070517,3.6,0.11,0.325,3.1,116998.0,6.35,623383.5,0.0108787283602375,8.485363048077414,8.84725878969994
VA-601,2018,fairfax county,0.0,0.0,0.0,542400.0,1719.5,2046.5,0.4372069348149487,3.8,0.22,0.32,2.75,120253.0,6.35,629308.0,0.02529897288325,8.793660784377476,8.485363048077414
VA-602,2012,loudoun county,0.0,0.0,0.0,472000.0,1408.0,2450.0,0.4492153653605468,7.9,0.0,0.21,5.5,119134.0,4.3,321393.5,-0.0480202999785245,4.747211013529552,4.9866725240280445
VA-602,2013,loudoun county,0.0,0.0,0.0,448700.0,1422.0,2405.0,0.4401602183194683,4.5,0.0,0.22,4.4,117876.0,4.1,185858.0,0.0269949042831565,4.875361520451729,4.747211013529552
VA-602,2014,loudoun county,0.0,0.0,0.0,437700.0,1469.0,2339.0,0.4314767544043185,3.6,0.0,0.22,4.3,116848.0,3.9,191165.0,-0.0607904334263705,4.578986180513219,4.875361520451729
VA-602,2015,loudoun county,0.0,0.0,0.0,443100.0,1478.0,2263.0,0.4311995272798897,3.1,0.0,0.23,4.2,122294.0,4.0,196697.0,-0.2417541419776946,3.4719973053155244,4.578986180513219
VA-602,2016,loudoun county,0.0,0.0,0.0,452300.0,1483.0,2211.0,0.4292865118786338,4.0,0.0,0.23,3.5,125003.0,4.0,200891.0,-0.1824229248152326,2.8386254019292605,3.4719973053155244
VA-602,2017,loudoun county,0.0,0.0,0.0,462100.0,1522.0,2197.0,0.4398682666464776,4.4,0.0,0.23,3.1,134464.0,3.6,207602.0,0.1602788964644186,3.293597148826349,2.8386254019292605
VA-602,2018,loudoun county,0.0,0.0,0.0,475500.0,1594.0,2241.0,0.4413669868215323,3.9,0.17,0.22,3.0,135842.0,2.8,216176.0,0.2261132060054327,4.038322959437827,3.293597148826349
VA-604,2012,prince william county,0.0,0.0,0.0,353300.0,1229.0,1946.0,0.4768228056283121,6.7,0.0,0.26,5.5,95146.0,6.8,321393.5,-0.0297570205453886,10.191983218569018,10.504567860205585
VA-604,2013,prince william county,0.0,0.0,0.0,330700.0,1267.0,1913.0,0.4789283991259188,5.4,0.0,0.27,5.2,93744.0,6.4,228525.0,-0.0212428919060196,9.975476020748989,10.191983218569018
VA-604,2014,prince william county,0.0,0.0,0.0,321400.0,1298.0,1872.0,0.4956952566601689,4.7,0.0,0.28,5.1,95268.0,7.0,231198.0,-0.0923479390393325,9.054261369296537,9.975476020748989
VA-604,2015,prince william county,0.0,0.0,0.0,323400.0,1333.0,1846.0,0.498156925,4.0,0.0,0.28,4.8,92104.0,7.4,232639.0,-0.0295008257829255,8.787153182047847,9.054261369296537
VA-604,2016,prince william county,0.0,0.0,0.0,333100.0,1363.0,1832.0,0.5036107554417414,3.7,0.0,0.29,4.1,99766.0,6.8,232296.0,-0.0168738917937123,8.638879710079197,8.787153182047847
VA-604,2017,prince william county,0.0,0.0,0.0,345900.0,1391.0,1826.0,0.5088419994976137,4.0,0.0,0.29,3.6,97986.0,8.1,235285.0,-0.074965107657726,7.991265162570965,8.638879710079197
VA-604,2018,prince william county,0.0,0.0,0.0,358300.0,1424.0,1843.0,0.4988268418582825,5.1,0.18,0.28,3.4,100845.0,6.1,241599.0,-0.2550361617891082,5.953203567669852,7.991265162570965
WA-500,2012,king county,0.0,1.0,0.0,402300.0,943.0,1425.0,0.4538816788515428,4.2,0.0,0.4,5.5,68775.0,12.0,321393.5,0.004737776914232,44.54011814430196,44.33009205754593
WA-500,2013,king county,0.0,1.0,0.0,388700.0,976.0,1445.0,0.455290436,4.4,0.0,0.41,6.3,69047.0,11.9,1127689.0,-0.0340231939687769,43.02472106528613,44.54011814430196
WA-500,2014,king county,0.0,1.0,0.0,377300.0,1000.0,1449.0,0.4574427515030896,4.3,0.0,0.42,4.4,71834.0,12.4,1137057.0,0.1112244001161373,47.81011985593671,43.02472106528613
WA-500,2015,king county,0.0,1.0,0.0,376200.0,1038.0,1454.0,0.4562574105502987,3.9,0.0,0.43,4.5,75834.0,11.2,1164823.0,0.043872579292971,49.90767313032275,47.81011985593671
WA-500,2016,king county,0.0,1.0,0.0,384300.0,1084.0,1472.0,0.4503393798045378,3.4,0.0,0.43,4.1,81916.0,9.7,1185074.0,0.065912259796407,53.19720064752274,49.90767313032275
WA-500,2017,king county,0.0,1.0,0.0,407400.0,1149.0,1514.0,0.4434566345190803,3.0,0.0,0.43,3.8,86095.0,9.3,1213173.0,0.0195456103281004,54.23697240192499,53.19720064752274
WA-500,2018,king county,0.0,1.0,0.0,446600.0,1241.0,1593.0,0.4435828899131917,2.9,0.3,0.43,3.6,89675.0,9.3,1231166.0,-0.0834321096924834,49.71186737109938,54.23697240192499
WA-502,2012,spokane county,0.0,0.0,1.0,192800.0,626.0,891.0,0.4978703985397018,5.8,0.0,0.35,5.5,49078.0,14.9,321393.5,-0.1374430868052643,21.485279454649373,24.908825291391217
WA-502,2013,spokane county,0.0,0.0,1.0,190300.0,641.0,908.0,0.5056817333393062,6.4,0.0,0.36,8.3,47624.0,15.9,229378.0,0.1042017005837092,23.724082111340067,21.485279454649373
WA-502,2014,spokane county,0.0,0.0,1.0,184700.0,650.0,902.0,0.512835266,6.3,0.0,0.36,8.0,47576.0,17.1,227147.0,-0.1122344687530514,21.061422358920044,23.724082111340067
WA-502,2015,spokane county,0.0,0.0,1.0,182000.0,668.0,906.0,0.5085285521092353,5.8,0.0,0.37,6.8,50249.0,16.4,225104.0,-0.0667067923326817,19.656482431392664,21.061422358920044
WA-502,2016,spokane county,0.0,0.0,1.0,183300.0,674.0,902.0,0.5044689165186501,5.6,0.0,0.37,6.3,48525.0,15.5,227863.0,0.0955690078167119,21.53503295452749,19.656482431392664
WA-502,2017,spokane county,0.0,0.0,1.0,186500.0,697.0,914.0,0.4996382457702582,4.9,0.0,0.38,6.0,53043.0,13.2,234673.0,0.1233830513887934,24.192091032215316,21.53503295452749
WA-502,2018,spokane county,0.0,0.0,1.0,195500.0,722.0,942.0,0.4959642725447618,4.1,0.29,0.38,5.3,53360.0,14.1,240744.0,0.0349808662382613,25.03835133263708,24.192091032215316
WA-503,2012,pierce county,0.0,0.0,0.0,265200.0,826.0,1268.0,0.4944009468317553,6.0,0.0,0.37,5.5,55214.0,12.3,321393.5,-0.3539382728885134,15.895225698786083,24.60326162618073
WA-503,2013,pierce county,0.0,0.0,0.0,251400.0,854.0,1279.0,0.4973439751102625,5.8,0.0,0.38,8.5,57629.0,12.6,385098.0,0.1071045517376929,17.597676722024023,15.895225698786083
WA-503,2014,pierce county,0.0,0.0,0.0,240400.0,870.0,1272.0,0.5009810107435803,5.8,0.0,0.38,8.1,57660.0,14.0,383769.0,-0.1361217392639858,15.202250359616755,17.597676722024023
WA-503,2015,pierce county,0.0,0.0,0.0,233800.0,882.0,1255.0,0.5028744714474864,5.9,0.0,0.39,6.8,60496.0,12.9,384834.0,0.345666762603253,20.45716302570962,15.202250359616755
WA-503,2016,pierce county,0.0,0.0,0.0,232600.0,888.0,1238.0,0.499569351,5.3,0.0,0.39,6.2,60167.0,12.3,392279.0,-0.2634966914321938,15.066768252346128,20.45716302570962
WA-503,2017,pierce county,0.0,0.0,0.0,239400.0,919.0,1255.0,0.496155635,4.4,0.0,0.39,5.9,64434.0,12.1,404970.0,0.2123021434053713,18.26547544651121,15.066768252346128
WA-503,2018,pierce county,0.0,0.0,0.0,255800.0,962.0,1291.0,0.4912889974097966,4.2,0.26,0.39,5.3,69278.0,10.0,417889.0,-0.1010224491909168,16.420252381268092,18.26547544651121
WA-504,2012,snohomish county,0.0,0.0,0.0,332000.0,903.0,1480.0,0.4819036961919082,4.8,0.0,0.32,5.5,63685.0,11.0,321393.5,-0.5484466020391932,12.695850588473457,28.115945192323437
WA-504,2013,snohomish county,0.0,0.0,0.0,311600.0,933.0,1479.0,0.4837472836289579,4.7,0.0,0.33,7.4,67136.0,10.2,387127.0,-0.0159227920228512,12.4936972,12.695850588473457
WA-504,2014,snohomish county,0.0,0.0,0.0,292500.0,949.0,1458.0,0.4835037904274884,5.1,0.0,0.33,5.1,67394.0,11.3,388242.0,-0.1410566846450017,10.731377694009458,12.4936972
WA-504,2015,snohomish county,0.0,0.0,0.0,287500.0,969.0,1442.0,0.4786920249180039,4.7,0.0,0.33,5.0,71984.0,9.7,397747.0,0.1357925538234947,12.188618877123488,10.731377694009458
WA-504,2016,snohomish county,0.0,0.0,0.0,293000.0,989.0,1433.0,0.474270132,4.3,0.0,0.34,4.5,76251.0,9.2,404003.0,0.0910059528487472,13.297855751946338,12.188618877123488
WA-504,2017,snohomish county,0.0,0.0,0.0,309800.0,1043.0,1450.0,0.4721100975749293,4.1,0.0,0.34,4.2,78716.0,7.9,415292.0,-0.2082267602100759,10.52888633097763,13.297855751946338
WA-504,2018,snohomish county,0.0,0.0,0.0,338400.0,1119.0,1504.0,0.4686362392946573,3.7,0.24,0.33,3.9,82595.0,7.1,421436.0,0.2893359439851701,13.575271596663596,10.52888633097763
WA-508,2012,clark county,0.0,0.0,0.0,254200.0,773.0,1215.0,0.4818134303799918,5.2,0.0,0.33,5.5,56656.0,13.7,321393.5,-0.3193720035731032,15.839861925072722,23.27242195182609
WA-508,2013,clark county,0.0,0.0,0.0,243300.0,794.0,1211.0,0.4964101994744828,4.7,0.0,0.34,8.6,55719.0,11.6,208427.0,-0.0271426428697298,15.40992620973464,15.839861925072722
WA-508,2014,clark county,0.0,0.0,0.0,232500.0,816.0,1193.0,0.4985802091944933,4.5,0.0,0.35,8.3,57588.0,12.4,208097.0,-0.0650752855750852,14.407120860945168,15.40992620973464
WA-508,2015,clark county,0.0,0.0,0.0,228400.0,837.0,1190.0,0.4892337708407236,4.0,0.0,0.35,6.8,61741.0,9.3,208941.0,0.0225336741194976,14.731766227425924,14.407120860945168
WA-508,2016,clark county,0.0,0.0,0.0,234800.0,866.0,1187.0,0.4833270178097764,2.8,0.0,0.36,6.2,64275.0,10.3,214327.0,0.0711737436052917,15.780281179749831,14.731766227425924
WA-508,2017,clark county,0.0,0.0,0.0,249400.0,895.0,1201.0,0.4777027259882138,2.9,0.0,0.35,6.0,69062.0,8.8,220996.0,0.0455245112260993,16.498670767468358,15.780281179749831
WA-508,2018,clark county,0.0,0.0,0.0,272400.0,960.0,1245.0,0.4688687467317413,3.1,0.24,0.34,5.0,74747.0,10.3,228847.0,0.1892750460036114,19.62145743597937,16.498670767468358
WI-501,2012,milwaukee county,0.0,1.0,0.0,165300.0,644.0,910.0,0.5072727272727273,4.3,0.0,0.47,5.5,40702.0,21.6,321393.5,0.0061216372175707,15.083319125167492,14.991546317282678
WI-501,2013,milwaukee county,0.0,1.0,0.0,162900.0,650.0,913.0,0.5165299895369412,3.7,0.0,0.48,8.5,42381.0,22.3,475758.0,0.0391121457268639,15.673260100835837,15.083319125167492
WI-501,2014,milwaukee county,0.0,1.0,0.0,158400.0,663.0,914.0,0.5215367965367965,4.0,0.0,0.49,8.3,41959.0,22.2,478784.0,0.0132684362207109,15.88121975285439,15.673260100835837
WI-501,2015,milwaukee county,0.0,1.0,0.0,154400.0,674.0,917.0,0.5211550840830137,3.8,0.0,0.49,6.8,42765.0,21.9,478001.0,-0.0635436754910198,14.872068678477437,15.88121975285439
WI-501,2016,milwaukee county,0.0,1.0,0.0,151700.0,676.0,912.0,0.5134670187455881,3.9,0.0,0.5,5.6,45859.0,20.2,475735.0,-0.3643831463736896,9.452937500328227,14.872068678477437
WI-501,2017,milwaukee county,0.0,1.0,0.0,150000.0,691.0,916.0,0.5019497254889809,4.3,0.0,0.51,4.9,47607.0,19.6,475320.0,-0.02825803220628,9.185816088,9.452937500328227
WI-501,2018,milwaukee county,0.0,1.0,0.0,150300.0,709.0,935.0,0.4884709968233502,4.9,0.35,0.5,4.0,47591.0,18.9,476413.0,0.0187325806821661,9.357890129,9.185816088
WI-503,2012,dane county,0.0,0.0,1.0,231400.0,772.0,1146.0,0.4768649791204825,5.9,0.0,0.39,5.5,60345.0,13.2,321393.5,0.1148701678683306,16.29606678445853,14.617008557702428
WI-503,2013,dane county,0.0,0.0,1.0,231300.0,785.0,1145.0,0.4831037875061486,4.8,0.0,0.4,4.8,59792.0,13.1,297195.0,-0.0764730852106782,15.049856280651731,16.29606678445853
WI-503,2014,dane county,0.0,0.0,1.0,228800.0,802.0,1146.0,0.4855326558847383,3.8,0.0,0.41,4.7,60081.0,14.2,301102.0,-0.0216669544608615,14.72377172997634,15.049856280651731
WI-503,2015,dane county,0.0,0.0,1.0,229000.0,813.0,1144.0,0.4874806656820217,3.2,0.0,0.41,3.6,61582.0,13.9,305442.0,-0.1958930335944708,11.839487419838765,14.72377172997634
WI-503,2016,dane county,0.0,0.0,1.0,230800.0,826.0,1141.0,0.477300225,2.3,0.0,0.42,3.1,65202.0,11.4,310088.0,-0.0788693310139571,10.90571496748792,11.839487419838765
WI-503,2017,dane county,0.0,0.0,1.0,236000.0,847.0,1154.0,0.4711281371469656,2.2,0.0,0.42,2.8,70796.0,11.3,316992.0,0.0380621914307777,11.320810378269943,10.90571496748792
WI-503,2018,dane county,0.0,0.0,1.0,242700.0,881.0,1187.0,0.4629361669225586,2.4,0.3,0.42,2.4,72268.0,11.8,321487.0,-0.0660895812989115,10.57262276040571,11.320810378269943
